      24        A. Balding                          75      68      78      72     293       5    1962
      27        A. Balding                          74      74      70      76     294       6    1961
      16        A. Balding                          73      73      73      76     295       7    1957
      26        A. Balding                          75      72      71      78     296       8    1958
      29        A. Balding                          75      78      77      74     304      16    1956
      12        A. Bean                             74      72      68      70     284      -4    1980
      18        A. Bean                             71      70      72      73     286      -2    1984
      19        A. Bean                             74      70      71      72     287      -1    1977
      24        A. Bean                             76      68      73      71     288       0    1978
      10        A. Bean                             75      72      73      70     290       2    1982
      28        A. Bean                             69      74      74      74     291       3    1979
      25        A. Bean                             72      74      73      73     292       4    1985
      33        A. Bean                             76      72      74      72     294       6    1990
      35        A. Bean                             75      69      78      75     297       9    1987
      51        A. Bean                             70      80      77      77     304      16    1989
      23        A. Bell                             71      74      74      77     296       8    1948
      35        A. Bell                             81      74      75      72     302      14    1949
       9        A. Besselink                        69      75      70      74     288       0    1953
       3        A. Besselink                        70      76      71      74     291       3    1952
       9        A. Besselink                        74      74      74      72     294       6    1954
      20        A. Besselink                        76      73      71      77     297       9    1951
      63        A. Besselink                        80      75      80      83     318      30    1955
      29        A. Blum                             72      74      75      76     297       9    1958
      24        A. Blum                             74      77      77      74     302      14    1952
      53        A. Blum                             75      82      75      75     307      19    1954
      55        A. Blum                             76      73      77      82     308      20    1953
      38        A. Brosch                           74      73      78      75     300      12    1953
      35        A. Brosch                           77      75      78      75     305      17    1950
      36        A. Brosch                           78      79      74      77     308      20    1937
      55        A. Brosch                           76      74      85      78     313      25    1952
      10        A. Cabrera                          66      71      70      73     280      -8    2001
       9        A. Cabrera                          68      71      73      73     285      -3    2002
      15        A. Cabrera                          76      71      71      72     290       2    2003
      26        A. Campbell                         82      73      68      79     302      14    1936
      26        A. Cejka                            70      70      78      73     291       3    2004
      44        A. Cejka                            73      71      78      80     302      14    1996
      24        A. Cerda                            73      73      72      75     293       5    1961
      39        A. Cerda                            74      75      75      74     298      10    1962
      39        A. Cerda                            75      71      78      78     302      14    1963
      44        A. Doering Jr.                      76      79      76      75     306      18    1940
      46        A. Doering Jr.                      74      79      77      81     314      26    1941
       7        A. Espinosa                         75      70      75      72     292       4    1934
      17        A. Espinosa                         76      72      73      73     294       6    1935
      15        A. Espinosa                         72      73      75      79     299      11    1936
      29        A. Espinosa                         72      76      79      76     303      15    1937
      50        A. Espinosa                         78      73      79      76     306      18    1935
      38        A. Espinosa                         76      77      75      81     309      21    1934
      11        A. Forsbrand                        71      74      75      66     286      -2    1993
      13        A. Geiberger                        75      73      70      70     288       0    1964
      13        A. Geiberger                        71      71      74      72     288       0    1969
      30        A. Geiberger                        76      70      72      72     290       2    1968
      31        A. Geiberger                        76      68      70      76     290       2    1974
      15        A. Geiberger                        75      70      73      73     291       3    1976
      24        A. Geiberger                        75      72      74      71     292       4    1965
      24        A. Geiberger                        73      75      72      72     292       4    1971
      12        A. Geiberger                        76      70      74      72     292       4    1972
      42        A. Geiberger                        75      73      75      72     295       7    1978
      36        A. Geiberger                        77      73      72      75     297       9    1967
      37        A. Geiberger                        75      76      77      70     298      10    1973
      45        A. Geiberger                        73      77      74      75     299      11    1970
      44        A. Geiberger                        76      71      79      78     304      16    1966
      42        A. Gibson                           78      75      80      76     309      21    1941
      31        A. Gray                             72      74      73      75     294       6    1965
      36        A. Gray                             70      76      75      76     297       9    1967
      46        A. Gray                             73      76      81      76     306      18    1963
      54        A. Gray                             75      77      76      79     307      19    1966
      51        A. Kammer                           78      75      77      86     316      28    1948
      47        A. Kay                              78      74      77      76     305      17    1935
      36        A. Krueger                          75      76      77      80     308      20    1936
       7        A. Magee                            70      72      68      70     280      -8    1991
      19        A. Magee                            73      70      70      70     283      -5    1992
      31        A. Magee                            75      69      70      76     290       2    1993
      31        A. Magee                            74      72      74      73     293       5    1998
      36        A. Magee                            70      77      72      75     294       6    1999
      41        A. Magee                            74      74      76      76     300      12    1994
      17        A. McNickle                         71      72      74      71     288       0    1979
       9        A. Mengert                          73      71      69      76     289       1    1958
      23        A. Mengert                          77      70      75      72     294       6    1953
      21        A. Mengert                          75      75      71      75     296       8    1957
      38        A. Mengert                          76      79      73      75     303      15    1954
      24        A. Mengert                          74      72      79      78     303      15    1956
      34        A. Mengert                          74      77      78      76     305      17    1952
      32        A. Mengert                          79      71      78      77     305      17    1955
      25        A. Miguel                           72      72      76      74     294       6    1959
      15        A. Miller                           68      75      72      73     288       0    1975
      42        A. Miller                           76      73      81      70     300      12    1971
      12        A. North                            72      72      74      69     287      -1    1979
      24        A. North                            74      74      71      69     288       0    1977
      24        A. North                            70      72      69      77     288       0    1980
      32        A. North                            73      76      72      70     291       3    1978
      27        A. North                            71      73      77      71     292       4    1990
      41        A. North                            76      68      80      69     293       5    1984
      30        A. North                            72      75      72      75     294       6    1983
      37        A. North                            66      81      75      76     298      10    1976
      36        A. North                            74      74      75      75     298      10    1988
       1        A. Palmer                           69      68      69      70     276     -12    1964
       1        A. Palmer                           70      66      69      75     280      -8    1962
       2        A. Palmer                           70      68      72      70     280      -8    1965
       2        A. Palmer                           68      69      73      71     281      -7    1961
       1        A. Palmer                           67      73      72      70     282      -6    1960
       1        A. Palmer                           70      73      68      73     284      -4    1958
      11        A. Palmer                           76      71      70      67     284      -4    1974
       4        A. Palmer                           73      73      70      69     285      -3    1967
       3        A. Palmer                           71      70      71      74     286      -2    1959
      13        A. Palmer                           69      71      75      72     287      -1    1975
      24        A. Palmer                           76      71      71      70     288       0    1977
      24        A. Palmer                           73      73      73      69     288       0    1980
      18        A. Palmer                           73      72      71      73     289       1    1971
       4        A. Palmer                           74      70      74      72     290       2    1966
       7        A. Palmer                           73      73      69      76     291       3    1957
       9        A. Palmer                           74      73      73      71     291       3    1963
      27        A. Palmer                           73      75      70      74     292       4    1969
      10        A. Palmer                           76      76      72      69     293       5    1955
      37        A. Palmer                           73      69      74      77     293       5    1978
      36        A. Palmer                           75      73      74      73     295       7    1970
      24        A. Palmer                           77      72      76      70     295       7    1973
      36        A. Palmer                           68      74      76      78     296       8    1983
      33        A. Palmer                           70      75      74      81     300      12    1972
      21        A. Palmer                           73      75      74      79     301      13    1956
      47        A. Palmer                           75      76      78      80     309      21    1982
      68        A. Santilli                         79      81      82      75     317      29    1954
       9        A. Scott                            71      72      72      70     285      -3    2002
      23        A. Scott                            77      72      74      70     293       5    2003
      16        A. Smith                            73      73      74      74     294       6    1948
      42        A. Smith                            78      77      74      76     305      17    1949
      47        A. Szwedko                          81      79      78      81     319      31    1941
      28        A. Thompson                         79      72      75      71     297       9    1963
       1        A. Wall Jr.                         73      74      71      66     284      -4    1959
       6        A. Wall Jr.                         71      72      70      74     287      -1    1958
      22        A. Wall Jr.                         74      74      73      67     288       0    1968
      15        A. Wall Jr.                         72      74      72      70     288       0    1975
      37        A. Wall Jr.                         70      77      72      72     291       3    1974
      35        A. Wall Jr.                         75      74      71      72     292       4    1977
      27        A. Wall Jr.                         71      76      72      74     293       5    1971
      21        A. Wall Jr.                         75      74      73      72     294       6    1963
      28        A. Wall Jr.                         74      71      75      75     295       7    1976
      40        A. Wall Jr.                         70      77      78      72     297       9    1969
      37        A. Wall Jr.                         79      69      74      76     298      10    1973
      45        A. Wall Jr.                         71      76      77      75     299      11    1965
      51        A. Wall Jr.                         73      73      77      77     300      12    1980
      49        A. Wall Jr.                         74      76      77      75     302      14    1967
      34        A. Wall Jr.                         75      80      75      75     305      17    1956
       7        A. Watrous                          74      72      71      75     292       4    1937
      11        A. Watrous                          74      74      71      74     293       5    1934
      21        A. Watrous                          75      70      73      77     295       7    1940
      25        A. Watrous                          75      75      74      75     299      11    1939
      34        A. Watrous                          78      72      75      75     300      12    1935
      32        A. Watrous                          74      75      76      75     300      12    1941
      27        A. Watrous                          73      77      76      76     302      14    1938
      32        A. Watrous                          80      76      72      74     302      14    1946
      29        A. Watrous                          78      76      73      78     305      17    1936
      29        A. Zimmerman                        76      76      74      75     301      13    1946
      15        B. Allin                            73      73      70      69     285      -3    1974
      20        B. Allin                            73      69      73      74     289       1    1975
      19        B. Allin                            69      76      72      75     292       4    1976
      42        B. Allin                            71      74      75      74     294       6    1977
      54        B. Andrade                          73      71      73      76     293       5    1992
      38        B. Andrade                          76      72      72      75     295       7    1999
      61        B. Andrade                          73      74      80      76     303      15    1993
       7        B. Britton                          68      74      71      73     286      -2    1990
      19        B. Brown                            70      74      70      69     283      -5    1992
      42        B. Brown                            74      65      77      73     289       1    1991
       3        B. Burke                            69      72      71      70     282      -6    1939
       3        B. Burke                            72      71      70      73     286      -2    1934
      13        B. Burke                            73      73      76      73     295       7    1938
      37        B. Burke                            74      75      74      79     302      14    1935
      23        B. Burke                            71      79      80      72     302      14    1942
      35        B. Burke                            76      74      74      78     302      14    1949
      29        B. Burke                            80      75      76      71     302      14    1950
      29        B. Burke                            77      71      75      80     303      15    1937
      28        B. Burke                            74      77      74      79     304      16    1936
      43        B. Burke                            75      75      76      79     305      17    1948
      36        B. Burke                            75      78      77      76     306      18    1955
      46        B. Burke                            80      80      77      75     312      24    1946
      57        B. Burke                            83      73      81      77     314      26    1947
      34        B. Byman                            71      71      75      76     293       5    1979
       1        B. Casper                           72      68      68      71     279      -9    1970
       2        B. Casper                           66      71      71      74     282      -6    1969
       6        B. Casper                           70      70      73      70     283      -5    1975
      16        B. Casper                           68      75      73      69     285      -3    1968
       5        B. Casper                           76      72      69      69     286      -2    1964
      14        B. Casper                           72      72      73      69     286      -2    1977
       4        B. Casper                           71      71      71      74     287      -1    1960
       7        B. Casper                           72      77      69      69     287      -1    1961
       8        B. Casper                           71      76      71      69     287      -1    1976
      13        B. Casper                           72      73      71      72     288       0    1971
      15        B. Casper                           73      73      73      72     291       3    1962
      37        B. Casper                           70      71      76      74     291       3    1974
      11        B. Casper                           79      72      71      70     292       4    1963
      20        B. Casper                           76      71      72      74     293       5    1958
      17        B. Casper                           75      73      72      73     293       5    1973
      10        B. Casper                           71      75      76      72     294       6    1966
      24        B. Casper                           70      74      75      75     294       6    1967
      17        B. Casper                           75      71      74      74     294       6    1972
      16        B. Casper                           75      75      75      70     295       7    1957
      35        B. Casper                           72      72      71      80     295       7    1965
      43        B. Casper                           69      75      80      75     299      11    1979
      57        B. Casper                           71      78      74      79     302      14    1985
      50        B. Casper                           77      74      75      79     305      17    1987
      18        B. Chamblee                         69      73      75      72     289       1    1999
      23        B. Clampett                         73      71      73      73     290       2    1979
      50        B. Clampett                         72      71      79      75     297       9    1980
      15        B. Cole                             73      71      73      71     288       0    1975
      28        B. Cole                             77      70      70      72     289       1    1978
      44        B. Cole                             75      73      74      78     300      12    1967
      47        B. Cole                             75      74      78      82     309      21    1976
       7        B. Collins                          74      72      67      74     287      -1    1961
      29        B. Collins                          75      70      75      75     295       7    1962
      41        B. Coltart                          80      78      75      75     308      20    1941
      11        B. Crampton                         73      72      69      70     284      -4    1974
      13        B. Crampton                         69      73      74      72     288       0    1969
      11        B. Crampton                         72      72      74      71     289       1    1965
      18        B. Crampton                         73      72      74      70     289       1    1971
       2        B. Crampton                         72      75      69      73     289       1    1972
      21        B. Crampton                         74      72      73      71     290       2    1964
      11        B. Crampton                         74      74      72      72     292       4    1963
      16        B. Crampton                         74      73      75      72     294       6    1960
      27        B. Crampton                         74      76      71      73     294       6    1976
      29        B. Crampton                         72      75      74      74     295       7    1962
      21        B. Crampton                         72      75      78      71     296       8    1957
      26        B. Crampton                         73      76      72      75     296       8    1958
      38        B. Crampton                         75      71      75      75     296       8    1970
      17        B. Crampton                         74      75      71      77     297       9    1966
      43        B. Crampton                         74      74      77      74     299      11    1973
      49        B. Crampton                         77      73      75      77     302      14    1967
       1        B. Crenshaw                         70      67      69      68     274     -14    1995
       1        B. Crenshaw                         67      72      70      68     277     -11    1984
       2        B. Crenshaw                         70      70      72      67     279      -9    1976
       3        B. Crenshaw                         70      73      68      68     279      -9    1991
       6        B. Crenshaw                         76      70      68      69     283      -5    1980
       2        B. Crenshaw                         76      70      70      68     284      -4    1983
       4        B. Crenshaw                         72      73      67      72     284      -4    1988
       3        B. Crenshaw                         71      72      70      71     284      -4    1989
       8        B. Crenshaw                         71      69      69      76     285      -3    1977
       8        B. Crenshaw                         71      72      70      73     286      -2    1981
      16        B. Crenshaw                         71      71      74      70     286      -2    1986
       4        B. Crenshaw                         75      70      67      74     286      -2    1987
      22        B. Crenshaw                         75      70      70      72     287      -1    1974
      14        B. Crenshaw                         72      74      73      69     288       0    1990
      46        B. Crenshaw                         72      71      71      74     288       0    1992
      30        B. Crenshaw                         72      71      75      74     292       4    1975
      18        B. Crenshaw                         74      73      73      72     292       4    1994
      37        B. Crenshaw                         75      70      74      74     293       5    1978
      19        B. Crenshaw                         73      74      74      74     295       7    1972
      24        B. Crenshaw                         73      72      74      76     295       7    1973
      24        B. Crenshaw                         74      80      70      71     295       7    1982
      57        B. Crenshaw                         70      76      77      79     302      14    1985
      45        B. Crenshaw                         75      73      74      80     302      14    1997
       4        B. Cruickshank                      75      69      74      72     290       2    1936
       9        B. Cruickshank                      76      70      73      72     291       3    1935
      17        B. Cruickshank                      79      69      71      78     297       9    1937
      15        B. Cruickshank                      72      79      71      75     297       9    1942
      18        B. Cruickshank                      72      75      77      74     298      10    1938
      28        B. Cruickshank                      74      74      80      72     300      12    1934
      46        B. Cudd                             76      78      73      78     305      17    1954
      36        B. Cudd                             75      74      79      78     306      18    1955
      53        B. Cudd                             78      77      84      74     313      25    1956
       4        B. Devlin                           69      73      69      69     280      -8    1968
       4        B. Devlin                           72      72      67      73     284      -4    1964
      13        B. Devlin                           72      70      72      74     288       0    1971
      15        B. Devlin                           72      70      76      70     288       0    1975
       8        B. Devlin                           73      72      72      72     289       1    1973
      15        B. Devlin                           71      76      73      70     290       2    1965
      10        B. Devlin                           74      70      75      71     290       2    1967
      19        B. Devlin                           67      70      76      77     290       2    1969
       5        B. Devlin                           74      75      70      71     290       2    1972
      31        B. Devlin                           70      72      76      72     290       2    1974
      19        B. Devlin                           77      69      72      74     292       4    1976
      31        B. Devlin                           74      72      72      75     293       5    1981
      31        B. Devlin                           72      74      78      70     294       6    1970
      42        B. Devlin                           75      69      77      73     294       6    1977
      28        B. Devlin                           75      77      72      75     299      11    1966
      17        B. Dickson                          70      71      76      76     293       5    1973
      50        B. Dickson                          77      74      75      79     305      17    1966
      60        B. Eastwood                         77      72      82      77     308      20    1985
       4        B. Estes                            71      72      69      72     284      -4    1999
      29        B. Estes                            73      70      76      68     287      -1    1995
      19        B. Estes                            72      71      77      71     291       3    2000
      22        B. Estes                            76      71      74      71     292       4    2003
      27        B. Estes                            71      71      79      72     293       5    1996
      31        B. Estes                            76      72      73      74     295       7    2004
      45        B. Estes                            73      72      75      78     298      10    2002
      10        B. Faxon                            73      68      68      71     280      -8    2001
      31        B. Faxon                            71      71      69      74     285      -3    1992
       9        B. Faxon                            71      70      72      72     285      -3    1993
      17        B. Faxon                            76      69      69      71     285      -3    1995
      12        B. Faxon                            71      75      69      71     286      -2    2002
      26        B. Faxon                            73      74      71      72     290       2    1998
      15        B. Faxon                            71      73      73      74     291       3    1994
      24        B. Faxon                            74      73      68      76     291       3    1999
      25        B. Faxon                            69      77      72      74     292       4    1996
      23        B. Faxon                            73      71      79      70     293       5    2003
      31        B. Faxon                            72      76      76      71     295       7    2004
      25        B. Fleisher                         73      70      72      69     284      -4    1992
      44        B. Fleisher                         69      75      73      83     300      12    1969
      42        B. Gilder                           72      71      73      71     287      -1    1992
      15        B. Gilder                           72      75      69      72     288       0    1981
      14        B. Gilder                           79      71      66      75     291       3    1982
      34        B. Gilder                           69      76      75      71     291       3    1993
      44        B. Gilder                           72      75      81      68     296       8    1985
      37        B. Gilder                           75      74      77      71     297       9    1989
      39        B. Gilder                           71      75      76      77     299      11    1976
      44        B. Gilder                           72      74      76      77     299      11    1983
      25        B. Glasson                          72      74      72      71     289       1    1986
      18        B. Glasson                          72      70      73      74     289       1    1999
      18        B. Glasson                          72      73      75      72     292       4    1994
      33        B. Glasson                          70      75      76      73     294       6    1990
       1        B. Goalby                           70      70      71      66     277     -11    1968
      22        B. Goalby                           76      71      72      68     287      -1    1974
       6        B. Goalby                           73      70      71      74     288       0    1973
      25        B. Goalby                           74      74      73      73     294       6    1962
      17        B. Goalby                           73      76      72      73     294       6    1972
      37        B. Goalby                           69      75      74      77     295       7    1964
      39        B. Goalby                           71      75      75      75     296       8    1965
      40        B. Goalby                           70      76      76      75     297       9    1969
      36        B. Goalby                           76      73      74      74     297       9    1971
      36        B. Goalby                           74      73      76      77     300      12    1961
      52        B. Goalby                           73      75      78      75     301      13    1978
      46        B. Goalby                           81      72      78      77     308      20    1982
      59        B. Goalby                           76      77      82      77     312      24    1966
       4        B. Hamilton                         71      69      70      73     283      -5    1953
       3        B. Hamilton                         75      69      71      72     287      -1    1946
      18        B. Hamilton                         72      72      76      75     295       7    1948
      23        B. Hamilton                         77      79      69      73     298      10    1949
      42        B. Hamilton                         72      78      74      77     301      13    1947
      32        B. Hamilton                         74      73      78      79     304      16    1950
      40        B. Hamilton                         80      71      81      75     307      19    1952
      40        B. Harris                           73      79      77      78     307      19    1956
      10        B. Henninger                        70      68      68      76     282      -6    1995
      17        B. Hiskey                           74      73      72      74     293       5    1973
      41        B. Hiskey                           70      78      75      72     295       7    1974
       1        B. Hogan                            70      69      66      69     274     -14    1953
       2        B. Hogan                            73      70      67      70     280      -8    1942
       1        B. Hogan                            70      72      70      68     280      -8    1951
       2        B. Hogan                            74      70      69      70     283      -5    1946
       4        B. Hogan                            75      68      71      70     284      -4    1947
       2        B. Hogan                            73      68      72      73     286      -2    1955
       9        B. Hogan                            73      75      67      72     287      -1    1964
       4        B. Hogan                            73      68      71      76     288       0    1950
       6        B. Hogan                            70      71      77      71     289       1    1948
       2        B. Hogan                            72      73      69      75     289       1    1954
       6        B. Hogan                            73      68      72      76     289       1    1960
       9        B. Hogan                            75      71      72      72     290       2    1939
      10        B. Hogan                            73      74      69      74     290       2    1940
      10        B. Hogan                            74      73      66      77     290       2    1967
      14        B. Hogan                            72      77      69      73     291       3    1958
      21        B. Hogan                            71      75      71      74     291       3    1965
       7        B. Hogan                            70      70      74      79     293       5    1952
      30        B. Hogan                            73      74      76      72     295       7    1959
      13        B. Hogan                            74      71      73      77     295       7    1966
       8        B. Hogan                            69      78      74      75     296       8    1956
      38        B. Hogan                            78      71      75      73     297       9    1962
      32        B. Hogan                            74      73      72      79     298      10    1961
      25        B. Hogan                            75      76      78      72     301      13    1938
      46        B. Holscher                         78      77      73      77     305      17    1954
      49        B. Holscher                         73      81      80      76     310      22    1956
      48        B. Howell                           76      80      83      76     315      27    1934
      26        B. Hunt                             71      74      74      74     293       5    1965
      14        B. Jobe                             72      71      74      71     288       0    1999
      48        B. Jobe                             73      74      76      74     297       9    2000
      28        B. Johnston                         77      70      78      74     299      11    1957
      34        B. Kaiser                           77      78      77      75     307      19    1936
       5        B. Kratzert                         70      74      67      69     280      -8    1978
      19        B. Kratzert                         73      69      72      73     287      -1    1980
      24        B. Kratzert                         69      71      78      70     288       0    1977
      17        B. Kratzert                         73      68      71      76     288       0    1979
      14        B. Kratzert                         73      77      69      69     288       0    1985
      42        B. Kratzert                         68      72      76      79     295       7    1986
       1        B. Langer                           68      70      69      70     277     -11    1993
       6        B. Langer                           73      69      68      69     279      -9    2001
       1        B. Langer                           72      74      68      68     282      -6    1985
      31        B. Langer                           69      73      69      74     285      -3    1992
       4        B. Langer                           71      73      69      72     285      -3    2004
      16        B. Langer                           74      68      69      75     286      -2    1986
       7        B. Langer                           70      73      69      74     286      -2    1990
       7        B. Langer                           72      72      74      68     286      -2    1997
       9        B. Langer                           71      72      71      73     287      -1    1988
      32        B. Langer                           71      68      74      74     287      -1    1991
      11        B. Langer                           76      66      72      73     287      -1    1999
      31        B. Langer                           71      69      73      75     288       0    1995
      31        B. Langer                           73      70      74      72     289       1    1984
       7        B. Langer                           71      72      70      76     289       1    1987
      32        B. Langer                           73      72      73      74     292       4    2002
      26        B. Langer                           74      75      71      73     293       5    1989
      25        B. Langer                           74      74      72      73     293       5    1994
      28        B. Langer                           71      71      75      76     293       5    2000
      36        B. Langer                           75      70      72      78     295       7    1996
      39        B. Langer                           75      73      74      74     296       8    1998
      13        B. Lietzke                          69      72      68      73     282      -6    1992
       6        B. Lietzke                          67      75      68      74     284      -4    1979
       6        B. Lietzke                          72      71      73      70     286      -2    1985
      11        B. Lietzke                          72      67      73      75     287      -1    1981
      31        B. Lietzke                          72      71      71      74     288       0    1995
      28        B. Lietzke                          73      71      72      73     289       1    1977
      33        B. Lietzke                          75      70      75      70     290       2    1984
      31        B. Lietzke                          74      71      71      74     290       2    1993
      31        B. Lietzke                          78      70      68      75     291       3    1986
      20        B. Lietzke                          76      75      69      74     294       6    1982
      34        B. Lietzke                          74      75      79      68     296       8    1989
      42        B. Lietzke                          69      75      82      72     298      10    1983
      49        B. Lietzke                          75      74      77      76     302      14    1987
      14        B. Locke                            74      74      71      70     289       1    1947
      10        B. Locke                            71      71      74      75     291       3    1948
      13        B. Locke                            74      74      74      72     294       6    1949
      21        B. Locke                            74      71      79      75     299      11    1952
      46        B. Lohr                             75      76      77      73     301      13    1989
      10        B. Lunn                             70      70      75      72     287      -1    1970
      34        B. Lunn                             69      76      81      69     295       7    1971
      43        B. Lunn                             76      74      72      77     299      11    1973
      54        B. MacDonald                        73      79      76      81     309      21    1935
      55        B. Mawhinney                        83      75      73      84     315      27    1951
       5        B. Maxwell                          71      73      72      71     287      -1    1962
       9        B. Maxwell                          71      70      72      76     289       1    1958
      18        B. Maxwell                          73      73      69      74     289       1    1964
       8        B. Maxwell                          73      71      72      74     290       2    1959
      15        B. Maxwell                          72      75      76      70     293       5    1963
      26        B. Maxwell                          74      72      76      71     293       5    1965
      18        B. Maxwell                          77      72      77      71     297       9    1955
      25        B. Maxwell                          72      71      79      75     297       9    1960
      39        B. Maxwell                          75      77      77      73     302      14    1966
      43        B. Maxwell                          75      77      77      75     304      16    1954
      34        B. Maxwell                          75      75      81      74     305      17    1956
      49        B. Maxwell                          77      77      77      79     310      22    1952
      43        B. May                              71      74      73      75     293       5    2001
      12        B. Mayfair                          72      72      72      66     282      -6    1991
      42        B. Mayfair                          71      71      72      73     287      -1    1992
      32        B. Mayfair                          74      71      72      75     292       4    2002
      37        B. Mayfair                          75      70      77      74     296       8    2003
      48        B. McCallister                      71      71      76      72     290       2    1992
      35        B. Mehlhorn                         76      70      77      78     302      13    1935
      33        B. Mehlhorn                         73      76      77      79     305      17    1937
       2        B. Mitchell                         73      72      71      73     289       1    1972
      22        B. Mitchell                         72      70      74      75     291       3    1971
      60        B. Mitchell                         84      79      84      85     332      44    1934
      13        B. Murphy Jr.                       69      70      76      73     288       0    1971
      31        B. Murphy Jr.                       74      72      71      73     290       2    1977
      23        B. Murphy Jr.                       78      70      73      71     292       4    1970
      28        B. Murphy Jr.                       72      74      76      73     295       7    1976
      42        B. Murphy Jr.                       70      72      80      74     296       8    1975
      52        B. Murphy Jr.                       73      77      76      77     303      15    1967
      43        B. Murphy Jr.                       75      76      77      79     307      19    1972
      59        B. Murphy Jr.                       76      77      81      78     312      24    1966
      25        B. Nary                             76      73      73      76     298      10    1951
      46        B. Nary                             78      74      78      75     305      17    1954
      49        B. Nary                             74      79      86      74     313      25    1948
       1        B. Nelson                           68      67      72      73     280      -8    1942
       1        B. Nelson                           66      72      75      70     283      -5    1937
       2        B. Nelson                           71      69      73      70     283      -5    1941
       2        B. Nelson                           69      72      72      70     283      -5    1947
       3        B. Nelson                           69      72      74      70     285      -3    1940
       7        B. Nelson                           71      69      72      75     287      -1    1939
       4        B. Nelson                           75      70      69      74     288       0    1950
       5        B. Nelson                           73      74      70      73     290       2    1938
       7        B. Nelson                           72      73      71      74     290       2    1946
       8        B. Nelson                           71      73      72      74     290       2    1948
      15        B. Nelson                           70      74      72      74     290       2    1965
       9        B. Nelson                           71      74      72      74     291       3    1935
       8        B. Nelson                           71      73      73      74     291       3    1951
       8        B. Nelson                           75      70      74      73     292       4    1949
      10        B. Nelson                           72      75      74      72     293       5    1955
      20        B. Nelson                           71      77      74      71     293       5    1958
      16        B. Nelson                           74      72      73      76     295       7    1957
      12        B. Nelson                           73      76      74      73     296       8    1954
      33        B. Nelson                           72      76      72      76     296       8    1962
      29        B. Nelson                           73      73      78      73     297       9    1953
      13        B. Nelson                           76      71      77      74     298      10    1936
      32        B. Nelson                           71      72      78      77     298      10    1961
      24        B. Nelson                           72      75      78      77     302      14    1952
      39        B. Nelson                           73      75      78      80     306      18    1956
       2        B. Nichols                          72      69      70      70     281      -7    1967
       7        B. Nichols                          73      68      68      73     282      -6    1974
       4        B. Nichols                          67      74      72      69     282      -6    1975
      30        B. Nichols                          74      73      73      70     290       2    1968
      25        B. Nichols                          75      71      75      70     291       3    1964
      29        B. Nichols                          78      69      74      73     294       6    1969
      24        B. Nichols                          76      74      73      72     295       7    1963
      35        B. Nichols                          73      71      75      76     295       7    1965
      24        B. Nichols                          79      72      76      68     295       7    1973
      22        B. Nichols                          77      73      74      74     298      10    1966
      31        B. Nichols                          72      71      80      76     299      11    1972
      60        B. Ogden                            81      76      77      76     310      22    1954
      50        B. Ogle                             70      74      71      80     295       7    1993
      29        B. Rogers                           76      70      68      76     290       2    1978
      33        B. Rogers                           73      71      76      71     291       3    1980
      37        B. Rogers                           76      72      75      72     295       7    1981
      38        B. Rogers                           77      77      77      70     301      13    1982
       4        B. Rosburg                          72      72      72      73     289       1    1955
      15        B. Rosburg                          68      73      73      75     289       1    1961
      30        B. Rosburg                          74      73      71      72     290       2    1968
       6        B. Rosburg                          73      73      76      70     292       4    1954
      21        B. Rosburg                          73      72      76      72     293       5    1967
      10        B. Rosburg                          73      71      76      74     294       6    1966
      30        B. Rosburg                          75      74      73      73     295       7    1959
      20        B. Rosburg                          74      74      71      76     295       7    1960
      44        B. Rosburg                          77      73      75      73     298      10    1970
      16        B. Rosburg                          70      74      81      74     299      11    1956
      45        B. Rosburg                          74      73      83      78     308      20    1972
      53        B. Rosburg                          79      81      80      78     318      30    1948
      35        B. Shearer                          74      67      75      76     292       4    1977
      39        B. Shearer                          73      75      76      75     299      11    1976
      48        B. Shearer                          70      77      82      76     305      17    1983
      50        B. Shields                          82      76      76      79     313      25    1951
      41        B. Snedeker                         73      75      75      77     300      12    2004
      53        B. Tennyson                         78      67      75      73     293       5    1991
      18        B. Toski                            75      73      73      75     296       8    1951
      22        B. Toski                            80      74      71      74     299      11    1954
      40        B. Toski                            80      72      78      77     307      19    1952
      41        B. Toski                            78      71      79      79     307      19    1955
      59        B. Trombley                         78      75      79      79     311      23    1953
       8        B. Tway                             70      73      71      70     284      -4    1986
      12        B. Tway                             67      72      76      72     287      -1    1996
      27        B. Tway                             75      71      74      72     292       4    2004
      36        B. Tway                             72      76      73      74     295       7    1990
      33        B. Tway                             74      73      74      76     297       9    1988
      52        B. Tway                             75      73      78      74     300      12    1999
      21        B. Wadkins                          76      69      73      74     292       4    1987
      31        B. Watts                            73      73      70      77     293       5    1999
      31        B. Weaver                           72      75      72      75     294       6    1965
      42        B. White                            78      76      73      79     306      18    1950
      45        B. White                            77      82      76      75     310      22    1946
      44        B. Wilkes                           74      75      74      78     301      13    1962
       8        B. Wininger                         69      72      77      72     290       2    1963
      21        B. Wininger                         74      71      69      76     290       2    1964
      17        B. Wininger                         69      73      71      79     292       4    1958
      18        B. Wininger                         75      70      72      75     292       4    1959
      26        B. Wininger                         70      72      75      76     293       5    1965
      29        B. Wininger                         80      70      72      75     297       9    1953
      66        B. Wininger                         81      74      81      84     320      32    1955
      24        B. Wynn                             75      73      70      70     288       0    1977
      50        B. Wynn                             74      70      78      77     299      11    1978
       3        B. Yancey                           71      71      72      65     279      -9    1968
       4        B. Yancey                           69      70      72      70     281      -7    1970
       3        B. Yancey                           67      73      71      73     284      -4    1967
      13        B. Yancey                           69      75      71      73     288       0    1969
      12        B. Yancey                           72      69      76      75     292       4    1972
      30        B. Yancey                           74      71      74      73     292       4    1975
      51        B. Yancey                           75      74      74      77     300      12    1973
       4        B.Hogan                             71      72      75      68     286      -2    1941
      34        C. Bassler                          74      75      79      77     305      17    1952
       2        C. Beck                             72      67      72      70     281      -7    1993
       8        C. Beck                             74      76      70      68     288       0    1989
      12        C. Beck                             75      72      70      73     290       2    1987
      35        C. Beck                             68      76      69      77     290       2    1995
      15        C. Beck                             71      71      75      74     291       3    1994
      21        C. Beck                             73      70      76      73     292       4    1988
      32        C. Beck                             71      76      76      72     295       7    1983
      39        C. Beck                             72      74      75      75     296       8    1990
      46        C. Burroughs                        72      74      75      76     297       9    1984
      20        C. Chin                             76      74      71      79     300      12    1936
      35        C. Ching-Po                         73      76      71      71     291       3    1968
      15        C. Ching-Po                         76      71      71      75     293       5    1963
      39        C. Ching-Po                         71      77      77      71     296       8    1965
      44        C. Ching-Po                         74      72      74      78     298      10    1964
      22        C. Ching-Po                         75      77      76      70     298      10    1966
      46        C. Ching-Po                         74      76      72      79     301      13    1967
      19        C. Clark                            77      75      73      71     296       8    1935
      13        C. Clark                            77      75      70      74     296       8    1937
       2        C. Coe                              72      71      69      69     281      -7    1961
       6        C. Coe                              74      74      67      73     288       0    1959
       9        C. Coe                              72      74      71      71     288       0    1962
      16        C. Coe                              75      74      72      71     292       4    1953
      23        C. Coe                              74      71      72      75     292       4    1970
      12        C. Coe                              76      71      73      73     293       5    1951
      16        C. Coe                              77      72      72      74     295       7    1949
      23        C. Coe                              73      76      69      77     295       7    1958
      20        C. Coe                              76      75      73      74     298      10    1954
      39        C. Coe                              72      74      78      77     301      13    1960
      37        C. Coe                              72      75      79      75     301      13    1963
      32        C. Coe                              73      79      78      74     304      16    1950
      32        C. Coe                              74      77      76      78     305      17    1955
      50        C. Coe                              71      77      85      72     305      17    1966
      46        C. Coe                              80      76      81      72     309      21    1952
      39        C. Congdon                          75      74      75      76     300      12    1947
       1        C. Coody                            66      73      70      70     279      -9    1971
       5        C. Coody                            74      68      69      72     283      -5    1969
       5        C. Coody                            72      69      70      74     285      -3    1976
      12        C. Coody                            70      74      67      77     288       0    1970
      29        C. Coody                            74      72      76      67     289       1    1974
      30        C. Coody                            76      72      72      70     290       2    1968
      12        C. Coody                            73      70      74      75     292       4    1972
      38        C. Coody                            72      73      71      76     292       4    1980
      34        C. Coody                            71      72      74      76     293       5    1979
      40        C. Coody                            72      75      75      73     295       7    1975
      29        C. Coody                            74      73      79      70     296       8    1973
      40        C. Coody                            74      71      75      76     296       8    1981
      36        C. Coody                            68      75      79      74     296       8    1983
      44        C. Coody                            72      77      74      73     296       8    1985
      38        C. Coody                            76      74      76      72     298      10    1989
      57        C. Coody                            74      72      75      78     299      11    1993
      10        C. DiMarco                          65      69      72      74     280      -8    2001
      12        C. Dimarco                          70      71      72      73     286      -2    2002
       6        C. DiMarco                          69      73      68      76     286      -2    2004
      34        C. Doser                            75      77      71      75     298      10    1953
      38        C. Doser                            74      78      72      79     303      15    1954
      60        C. Egan                             77      78      78      81     314      26    1935
      64        C. Evans Jr.                        85      79      79      85     328      40    1953
      51        C. Evans Jr.                        82      84      86      79     331      43    1940
       6        C. Franco                           72      72      68      73     285      -3    1999
       7        C. Franco                           79      68      70      69     286      -2    2000
      46        C. Franco                           71      71      77      75     294       6    2001
      12        C. Greene                           73      73      71      70     287      -1    1971
      12        C. Greene                           75      71      70      72     288       0    1970
      31        C. Greene                           75      75      77      72     299      11    1972
       5        C. Harbert                          68      73      70      74     285      -3    1953
       3        C. Harbert                          71      70      70      76     287      -1    1948
       7        C. Harbert                          69      75      76      70     290       2    1946
      14        C. Harbert                          74      72      74      71     291       3    1959
      17        C. Harbert                          69      74      73      76     292       4    1958
      10        C. Harbert                          73      73      72      75     293       5    1942
      18        C. Harbert                          74      73      75      74     296       8    1939
      12        C. Harbert                          73      75      75      73     296       8    1954
      33        C. Harbert                          71      72      71      83     297       9    1947
      24        C. Harbert                          76      75      73      75     299      11    1950
      35        C. Harbert                          74      73      76      76     299      11    1961
      43        C. Harbert                          75      74      74      77     300      12    1962
      33        C. Harbert                          74      77      75      75     301      13    1940
      39        C. Harbert                          73      77      74      77     301      13    1960
      32        C. Harbert                          76      80      73      76     305      17    1955
      44        C. Harbert                          76      73      77      80     306      18    1951
      40        C. Harbert                          73      76      78      80     307      19    1956
       1        C. Harmon                           70      70      69      70     279      -9    1948
       9        C. Harmon                           71      76      72      70     289       1    1958
      11        C. Harmon                           73      75      73      72     293       5    1949
      16        C. Harmon                           69      72      75      78     294       6    1960
      26        C. Harmon                           73      69      76      77     295       7    1947
      18        C. Harmon                           76      75      74      71     296       8    1946
      14        C. Harmon                           73      74      77      73     297       9    1952
      34        C. Harmon                           75      73      75      75     298      10    1953
      35        C. Harmon                           75      77      74      76     302      14    1951
      28        C. Harmon                           77      75      78      73     303      15    1955
      38        C. Harmon                           78      72      77      76     303      15    1957
      32        C. Harmon                           77      77      74      76     304      16    1950
      53        C. Harmon                           77      75      77      78     307      19    1954
      46        C. Harmon                           77      79      76      77     309      21    1956
       8        C. Harper                           77      72      68      70     287      -1    1947
      10        C. Harper                           74      72      69      74     289       1    1953
      14        C. Harper                           71      74      74      72     291       3    1959
      13        C. Harper                           75      75      76      69     295       7    1942
      19        C. Harper                           74      76      73      74     297       9    1946
      48        C. Harper                           73      76      79      74     302      14    1962
      40        C. Harper                           76      76      77      75     304      16    1948
      38        C. Harper                           76      74      79      77     306      18    1952
       7        C. Heafner                          74      69      71      76     290       2    1946
      12        C. Heafner                          73      70      76      73     292       4    1941
       8        C. Heafner                          71      74      72      75     292       4    1949
       7        C. Heafner                          74      77      69      72     292       4    1950
      29        C. Heafner                          75      73      75      73     296       8    1947
      45        C. Heafner                          73      74      74      75     296       8    1978
      20        C. Heafner                          74      72      73      78     297       9    1951
      24        C. Heafner                          76      74      74      78     302      14    1952
      13        C. Howell III                       71      71      76      70     288       0    2004
      29        C. Howell III                       74      73      71      73     291       3    2002
      28        C. Howell III                       73      72      76      73     294       6    2003
      22        C. Kocsis                           73      75      70      75     293       5    1959
      14        C. Kocsis                           75      78      71      73     297       9    1952
      34        C. Kocsis                           76      72      78      74     300      12    1960
      45        C. Kocsis                           75      75      75      77     302      14    1953
      35        C. Kocsis                           77      71      79      78     305      17    1950
      44        C. Kocsis                           76      79      74      77     306      18    1940
      35        C. Kocsis                           76      72      77      82     307      19    1937
      77        C. Kunkle Jr.                       78      82      85      95     340      52    1956
      31        C. Lacey                            74      73      80      74     301      13    1934
      46        C. Lind                             75      76      75      77     303      15    1947
       1        C. Middlecoff                       72      65      72      70     279      -9    1955
       2        C. Middlecoff                       74      71      69      70     284      -4    1948
       2        C. Middlecoff                       74      71      68      72     285      -3    1959
       6        C. Middlecoff                       70      73      69      75     287      -1    1958
       3        C. Middlecoff                       67      72      75      77     291       3    1956
       7        C. Middlecoff                       75      76      68      73     292       4    1950
      12        C. Middlecoff                       72      76      71      74     293       5    1946
      12        C. Middlecoff                       73      73      69      78     293       5    1951
      11        C. Middlecoff                       72      72      72      78     294       6    1952
       9        C. Middlecoff                       73      76      70      75     294       6    1954
      29        C. Middlecoff                       75      74      73      73     295       7    1962
      29        C. Middlecoff                       71      69      76      80     296       8    1947
      27        C. Middlecoff                       75      76      68      77     296       8    1953
      23        C. Middlecoff                       76      77      72      73     298      10    1949
      17        C. Montgomerie                      71      69      76      69     285      -3    1995
       8        C. Montgomerie                      71      75      69      70     285      -3    1998
      37        C. Montgomerie                      72      71      73      70     286      -2    1992
      11        C. Montgomerie                      70      72      71      74     287      -1    1999
      14        C. Montgomerie                      75      71      70      71     287      -1    2002
      19        C. Montgomerie                      76      69      77      69     291       3    2000
      30        C. Montgomerie                      72      67      74      81     294       6    1997
      52        C. Montgomerie                      71      72      78      75     296       8    1993
      39        C. Montgomerie                      72      74      75      75     296       8    1996
      13        C. Parry                            69      66      69      78     282      -6    1992
      25        C. Parry                            75      71      72      74     292       4    2000
      45        C. Parry                            69      72      75      78     294       6    1993
      30        C. Parry                            75      74      73      73     295       7    1994
      39        C. Parry                            74      73      75      75     297       9    2003
      48        C. Parry                            75      73      73      77     298      10    1999
      39        C. Patton                           71      73      74      78     296       8    1990
       3        C. Pavin                            72      71      68      67     278     -10    1992
      22        C. Pavin                            73      70      69      72     284      -4    1991
      11        C. Pavin                            71      72      71      71     285      -3    1986
      17        C. Pavin                            67      71      72      75     285      -3    1995
       7        C. Pavin                            75      66      73      71     285      -3    1996
      11        C. Pavin                            67      75      73      71     286      -2    1993
       8        C. Pavin                            71      72      73      70     286      -2    1994
      25        C. Pavin                            72      75      75      70     292       4    1985
      27        C. Pavin                            71      71      81      72     295       7    1987
      41        C. Pavin                            73      77      72      75     297       9    1998
      42        C. Pavin                            76      75      75      75     301      13    1988
      43        C. Pavin                            75      74      78      74     301      13    1997
      50        C. Pavin                            74      74      78      76     302      14    1989
      15        C. Peete                            79      66      70      70     285      -3    1984
      11        C. Peete                            75      71      69      70     285      -3    1986
      19        C. Peete                            73      71      76      67     287      -1    1980
      21        C. Peete                            75      70      71      74     290       2    1981
      31        C. Peete                            75      70      74      74     293       5    1985
      30        C. Peete                            77      72      73      74     296       8    1982
      33        C. Peete                            71      77      75      73     296       8    1987
      49        C. Peete                            70      72      87      80     309      21    1983
      14        C. Perry                            73      75      72      69     289       1    2000
      37        C. Perry                            68      74      74      74     290       2    2001
      50        C. Perry                            73      72      74      80     299      11    1999
      22        C. R. Kocsis                        76      73      77      73     299      11    1938
      36        C. R. Somerville                    77      78      82      71     308      20    1938
      43        C. R. Somerville                    82      78      74      77     311      23    1934
      23        C. Riley                            76      72      70      75     293       5    2003
      44        C. Riley                            70      78      78      78     304      16    2004
       5        C. Rocca                            71      69      70      75     285      -3    1997
      41        C. Rocca                            79      70      78      73     300      12    1994
      43        C. Rose                             73      75      79      74     301      13    1997
      43        C. Sanudo                           72      75      76      76     299      11    1973
      12        C. Stadler                          70      72      71      69     282      -6    1991
       3        C. Stadler                          76      69      70      68     283      -5    1988
       1        C. Stadler                          75      69      67      73     284      -4    1982
      25        C. Stadler                          70      71      70      73     284      -4    1992
       7        C. Stadler                          69      66      74      76     285      -3    1979
       6        C. Stadler                          69      72      69      76     286      -2    1983
       6        C. Stadler                          73      67      76      70     286      -2    1985
      14        C. Stadler                          72      70      74      72     288       0    1990
      26        C. Stadler                          74      70      72      73     289       1    1980
      35        C. Stadler                          74      70      74      73     291       3    1984
      17        C. Stadler                          74      74      72      71     291       3    1987
      34        C. Stadler                          73      74      69      75     291       3    1993
      26        C. Stadler                          77      72      71      72     292       4    1997
      32        C. Stadler                          73      72      76      71     292       4    2002
      29        C. Stadler                          73      72      71      78     294       6    1996
      38        C. Stadler                          72      76      70      77     295       7    1999
      43        C. Stadler                          76      71      73      77     297       9    1981
      41        C. Stadler                          79      68      73      77     297       9    1998
      49        C. Stadler                          76      73      79      77     305      17    2003
       9        C. Strange                          72      71      65      73     281      -7    1995
       2        C. Strange                          80      65      68      71     284      -4    1985
      31        C. Strange                          73      72      71      69     285      -3    1992
       7        C. Strange                          70      73      71      72     286      -2    1990
      21        C. Strange                          73      74      68      72     287      -1    1986
      19        C. Strange                          69      79      70      71     289       1    1981
       7        C. Strange                          74      70      73      72     289       1    1982
      42        C. Strange                          72      74      72      71     289       1    1991
      12        C. Strange                          71      70      73      76     290       2    1987
      15        C. Strange                          71      76      73      71     291       3    1976
      18        C. Strange                          74      71      74      72     291       3    1989
      21        C. Strange                          76      70      72      74     292       4    1988
      27        C. Strange                          74      70      75      75     294       6    1994
      46        C. Strange                          71      74      75      77     297       9    1984
      61        C. Walker                           88      85      81      80     334      46    1934
      13        C. Wittenberg                       76      72      71      69     288       0    2004
       1        C. Wood                             66      71      71      72     280      -8    1941
       2        C. Wood                             69      72      68      73     282      -6    1935
       6        C. Wood                             72      73      71      68     284      -4    1939
       2        C. Wood                             71      74      69      71     285      -3    1934
       7        C. Wood                             70      75      67      76     288       0    1940
      20        C. Wood                             88      67      69      76     300      12    1936
      26        C. Wood                             79      77      74      71     301      13    1937
      34        C. Wood                             81      75      72      73     301      13    1949
      23        C. Wood                             72      75      82      73     302      14    1942
      43        C. Wood                             77      80      77      71     305      17    1948
      34        C. Wood                             73      75      83      75     306      18    1938
      53        C. Wood                             78      80      75      78     311      23    1947
      59        C. Wood                             73      81      80      80     314      26    1952
      62        C. Wood                             81      78      76      80     315      27    1953
      62        C. Wood                             81      81      79      76     317      29    1955
      71        C. Wood                             87      80      78      75     320      32    1954
      70        C. Wood                             76      80      78      88     322      34    1956
      17        C. Yates                            72      75      71      75     293       5    1940
      19        C. Yates                            75      70      76      75     296       8    1935
      18        C. Yates                            74      73      74      75     296       8    1939
      21        C. Yates                            76      72      77      72     297       9    1934
      26        C. Yates                            76      73      74      78     301      13    1937
      35        C. Yates                            78      75      75      75     303      15    1941
      28        C. Yates                            78      76      74      76     304      16    1942
      34        C. Yates                            82      73      75      77     307      19    1936
      39        C. Yates                            76      78      82      76     312      24    1938
      55        C. Yates                            77      75      81      79     312      24    1947
      50        C. Yates                            78      79      78      86     321      33    1946
      59        C.T. Wilson                         80      83      80      79     322      34    1934
      52        C.W. Hall                           79      81      77      80     317      29    1934
      67        D. Albert                           77      79      83      77     316      28    1954
      39        D. Allen                            70      77      74      75     296       8    1965
      44        D. Allen                            75      71      78      76     300      12    1967
      44        D. Allen                            74      72      75      83     304      16    1966
      16        D. Barr                             70      77      71      68     286      -2    1986
      50        D. Barr                             79      68      79      79     305      17    1987
      19        D. Beman                            74      73      74      69     290       2    1969
      25        D. Beman                            74      71      70      76     291       3    1964
      23        D. Beman                            74      72      72      74     292       4    1970
      29        D. Beman                            71      72      77      78     298      10    1960
      42        D. Beman                            74      76      74      74     298      10    1967
      49        D. Beman                            74      72      79      79     304      16    1965
      33        D. Bies                             74      70      70      81     295       7    1969
      58        D. Bisplinghoff                     77      80      81      78     316      28    1956
      25        D. Cherry                           77      71      75      71     294       6    1959
      42        D. Cherry                           77      72      73      77     299      11    1962
      45        D. Cherry                           73      76      79      74     302      14    1953
      38        D. Cherry                           78      72      76      77     303      15    1957
      30        D. Cherry                           79      75      78      72     304      16    1955
      58        D. Cherry                           80      79      74      76     309      21    1954
      72        D. Cherry                           79      81      81      84     325      37    1956
      24        D. Clarke                           72      67      72      73     284      -4    2001
       8        D. Clarke                           76      73      67      69     285      -3    1998
      20        D. Clarke                           70      74      73      72     289       1    2002
      28        D. Clarke                           66      76      78      74     294       6    2003
      40        D. Clarke                           72      71      78      74     295       7    2000
       5        D. Douglas                          74      69      72      73     288       0    1951
      30        D. Douglas                          76      69      81      78     304      16    1952
      53        D. Douglas                          72      76      77      82     307      19    1954
      49        D. Douglas                          79      79      76      75     309      21    1950
      19        D. Douglass                         73      72      71      74     290       2    1969
      27        D. Douglass                         70      71      76      76     293       5    1971
      38        D. Douglass                         76      74      72      74     296       8    1970
       2        D. Duval                            71      66      70      67     274     -14    2001
       2        D. Duval                            71      68      74      67     280      -8    1998
       3        D. Duval                            73      65      74      70     282      -6    2000
       6        D. Duval                            71      74      70      70     285      -3    1999
      18        D. Duval                            73      72      69      76     290       2    1996
       3        D. Edwards                          71      70      72      67     280      -8    1984
      18        D. Edwards                          72      71      70      73     286      -2    1984
      24        D. Edwards                          69      73      73      71     286      -2    1995
      19        D. Edwards                          72      74      68      73     287      -1    1977
      28        D. Edwards                          71      71      72      76     290       2    1986
      18        D. Edwards                          73      72      73      74     292       4    1994
      24        D. Edwards                          75      74      74      72     295       7    1982
      41        D. Edwards                          74      72      77      72     295       7    1985
      36        D. Edwards                          70      76      79      71     296       8    1983
      47        D. Edwards                          77      72      71      78     298      10    1985
      54        D. Edwards                          73      73      76      76     298      10    1993
      20        D. Eichelberger                     76      71      70      73     290       2    1971
      37        D. Fairfield                        75      73      76      71     295       7    1964
      58        D. Fairfield                        78      75      77      86     316      28    1956
      52        D. Feherty                          73      72      77      70     292       4    1992
       3        D. Finsterwald                      74      68      65      73     280      -8    1962
       3        D. Finsterwald                      71      70      72      71     284      -4    1960
       9        D. Finsterwald                      71      72      75      69     287      -1    1964
       5        D. Finsterwald                      74      73      73      69     289       1    1963
       7        D. Finsterwald                      74      74      73      70     291       3    1957
      21        D. Finsterwald                      72      75      72      72     291       3    1965
      17        D. Finsterwald                      72      71      74      75     292       4    1958
      18        D. Finsterwald                      79      68      73      72     292       4    1959
      24        D. Finsterwald                      74      73      79      77     303      15    1956
      57        D. Finsterwald                      73      76      77      82     308      20    1966
      46        D. Finsterwald                      72      72      83      82     309      21    1952
      50        D. Finsterwald                      76      81      75      81     313      25    1951
       1        D. Ford                             72      73      72      66     283      -5    1957
       2        D. Ford                             74      71      70      70     285      -3    1958
      11        D. Ford                             75      73      75      69     292       4    1963
      21        D. Ford                             73      73      72      75     293       5    1953
       6        D. Ford                             70      72      75      77     294       6    1956
      25        D. Ford                             76      73      73      72     294       6    1959
      31        D. Ford                             74      74      73      73     294       6    1965
      31        D. Ford                             74      69      82      71     296       8    1967
      48        D. Ford                             72      75      72      77     296       8    1968
      25        D. Ford                             74      72      80      71     297       9    1960
      17        D. Ford                             75      73      73      76     297       9    1966
      32        D. Ford                             71      76      78      73     298      10    1961
      21        D. Ford                             71      74      79      75     299      11    1952
      46        D. Ford                             78      70      76      75     299      11    1964
      44        D. Ford                             75      72      76      78     301      13    1962
      33        D. Ford                             77      78      74      73     302      14    1954
      46        D. Ford                             75      75      77      76     303      15    1971
       7        D. Forsman                          69      69      73      73     284      -4    1993
      14        D. Forsman                          74      66      76      73     289       1    1994
      35        D. Forsman                          71      74      74      71     290       2    1995
       5        D. Frost                            66      71      71      71     279      -9    1995
       8        D. Frost                            73      74      71      68     286      -2    1988
      10        D. Frost                            70      68      74      74     286      -2    1996
      32        D. Frost                            71      73      71      72     287      -1    1991
      26        D. Frost                            72      73      74      71     290       2    1998
      18        D. Frost                            76      72      73      70     291       3    1989
      37        D. Frost                            74      71      73      79     297       9    1997
      35        D. Frost                            74      71      75      78     298      10    1994
      45        D. Frost                            75      70      77      78     300      12    1987
      24        D. Gilford                          67      73      75      71     286      -2    1995
      54        D. Gossett                          75      71      79      78     303      15    2000
       5        D. Graham                           66      73      72      70     281      -7    1980
       6        D. Graham                           69      70      70      73     282      -6    1984
       9        D. Graham                           75      69      67      72     283      -5    1978
       6        D. Graham                           75      67      73      69     284      -4    1977
       7        D. Graham                           70      70      74      71     285      -3    1981
      10        D. Graham                           74      71      71      71     287      -1    1985
      28        D. Graham                           76      72      74      68     290       2    1986
      19        D. Graham                           73      77      70      73     293       5    1982
      27        D. Graham                           73      77      72      73     295       7    1987
      29        D. Graham                           72      74      77      73     296       8    1973
      36        D. Graham                           75      72      77      73     297       9    1971
      46        D. Graham                           71      74      80      75     300      12    1983
      11        D. Hammond                          73      71      67      74     285      -3    1986
      42        D. Hammond                          72      73      73      71     289       1    1991
      24        D. Hammond                          71      74      75      71     291       3    1990
      27        D. Hammond                          73      75      74      73     295       7    1987
      28        D. Hart                             75      71      72      75     293       5    2000
      43        D. Hart                             74      70      78      71     293       5    2001
      19        D. Hayes                            75      74      73      70     292       4    1976
       5        D. Hill                             73      70      70      70     283      -5    1970
      11        D. Hill                             71      72      70      71     284      -4    1974
       7        D. Hill                             75      71      70      68     284      -4    1975
      24        D. Hill                             75      73      72      71     291       3    1969
      15        D. Hill                             69      73      76      73     291       3    1976
      27        D. Hill                             74      73      70      76     293       5    1971
      39        D. Hill                             71      72      76      74     293       5    1977
      45        D. Hill                             72      76      74      74     296       8    1978
      50        D. Hill                             79      70      73      75     297       9    1968
      37        D. Hill                             77      70      76      75     298      10    1973
      29        D. Iverson                          68      74      73      74     289       1    1974
       5        D. January                          74      73      70      66     283      -5    1969
       4        D. January                          69      69      73      72     283      -5    1971
      14        D. January                          71      68      72      73     284      -4    1968
      11        D. January                          72      70      72      70     284      -4    1978
       4        D. January                          74      68      72      71     285      -3    1961
       8        D. January                          69      76      71      69     285      -3    1977
      12        D. January                          76      73      69      70     288       0    1970
      18        D. January                          70      72      75      72     289       1    1964
       9        D. January                          73      75      72      71     291       3    1963
      10        D. January                          75      71      75      70     291       3    1973
      20        D. January                          71      73      74      74     292       4    1962
       6        D. January                          71      73      73      75     292       4    1966
      20        D. January                          70      72      74      79     295       7    1960
      26        D. January                          74      74      76      71     295       7    1967
      33        D. January                          73      74      76      73     296       8    1976
      36        D. January                          74      75      70      78     297       9    1959
      18        D. Lotz                             74      72      72      72     290       2    1970
      24        D. Lotz                             77      72      73      70     292       4    1971
       2        D. Love III                         69      69      71      66     275     -13    1995
       2        D. Love III                         69      72      70      71     282      -6    1999
      25        D. Love III                         68      72      72      72     284      -4    1992
       7        D. Love III                         72      71      74      68     285      -3    1996
       7        D. Love III                         72      71      72      71     286      -2    1997
       7        D. Love III                         75      72      68      71     286      -2    2000
       6        D. Love III                         75      67      74      70     286      -2    2004
      14        D. Love III                         67      75      74      71     287      -1    2002
      42        D. Love III                         72      71      74      72     289       1    1991
      15        D. Love III                         77      71      71      71     290       2    2003
      33        D. Love III                         74      75      67      78     294       6    1998
      54        D. Love III                         73      72      76      77     298      10    1993
      34        D. Love Jr.                         69      75      74      76     294       6    1964
      68        D. Love Jr.                         82      85      83      77     327      39    1955
       2        D. Marr                             70      73      69      70     282      -6    1964
      20        D. Marr                             74      71      71      71     287      -1    1968
      16        D. Marr                             73      74      70      75     292       4    1967
      34        D. Marr                             73      77      77      73     300      12    1960
      45        D. Massengale                       76      73      73      73     295       7    1968
      49        D. Massengale                       74      73      77      78     302      14    1967
      55        D. Massengale                       74      74      76      78     302      14    1973
       4        D. Mayer                            73      75      71      68     287      -1    1959
      19        D. Mayer                            76      72      70      73     291       3    1961
      16        D. Mayer                            73      72      71      76     292       4    1953
      10        D. Mayer                            78      72      72      71     293       5    1955
      15        D. Mayer                            73      70      80      70     293       5    1963
      25        D. Mayer                            71      75      79      73     298      10    1951
      29        D. Mayer                            76      75      72      77     300      12    1954
      35        D. Mayer                            80      70      75      77     302      14    1957
      43        D. Mayer                            75      74      81      78     308      20    1956
       8        D. Metz                             72      72      72      71     287      -1    1947
      10        D. Metz                             71      72      75      73     291       3    1948
       8        D. Metz                             70      77      74      71     292       4    1938
      23        D. Metz                             73      72      71      78     294       6    1953
      21        D. Metz                             71      74      75      75     295       7    1940
      19        D. Metz                             74      72      75      76     297       9    1941
      31        D. Metz                             75      73      73      78     299      11    1935
      30        D. Metz                             71      76      76      77     300      12    1949
      32        D. Metz                             77      75      71      79     302      14    1946
      27        D. Metz                             79      78      76      70     303      15    1936
      31        D. Metz                             72      80      77      74     303      15    1939
      57        D. Morey                            75      78      76      79     308      20    1966
      63        D. Morey                            82      77      81      78     318      30    1955
      65        D. Morey                            83      75      83      78     319      31    1956
      38        D. Ogilvie Jr.                      79      75      77      78     309      21    1934
      45        D. Ogrin                            73      73      76      74     296       8    1984
      14        D. Paulson                          68      76      73      72     289       1    2000
      54        D. Peoples                          73      71      72      77     293       5    1992
      52        D. Peoples                          71      73      78      74     296       8    1993
       2        D. Pohl                             75      75      67      67     284      -4    1982
       8        D. Pohl                             74      72      70      71     287      -1    1983
      16        D. Pohl                             78      70      69      73     290       2    1988
      35        D. Pohl                             74      71      72      74     291       3    1984
      31        D. Pohl                             76      70      72      73     291       3    1986
      42        D. Pohl                             72      74      78      75     299      11    1989
       5        D. Pooley                           71      72      72      70     285      -3    1988
      19        D. Pooley                           71      75      72      71     289       1    1981
      14        D. Pooley                           70      77      76      67     290       2    1989
      46        D. Pooley                           72      71      69      78     290       2    1991
      41        D. Pooley                           77      72      73      72     294       6    1986
      42        D. Pooley                           73      73      72      79     297       9    1990
      45        D. Pooley                           76      75      76      73     300      12    1987
      13        D. Pruitt                           75      68      70      69     282      -6    1992
      25        D. Ragan                            70      73      76      75     294       6    1962
      31        D. Ragan                            73      74      73      74     294       6    1965
      25        D. Ragan                            74      73      75      75     297       9    1960
      32        D. Ragan                            74      75      76      73     298      10    1963
      44        D. Ragan                            73      72      78      75     298      10    1964
      35        D. Ragan                            73      73      77      76     299      11    1958
      30        D. Refram                           74      72      73      73     292       4    1964
      48        D. Refram                           76      74      78      75     303      15    1970
      31        D. Rummells                         74      74      75      71     294       6    1989
      12        D. Sanders                          76      69      70      68     283      -5    1968
      11        D. Sanders                          76      71      68      73     288       0    1961
      11        D. Sanders                          69      72      74      74     289       1    1965
       4        D. Sanders                          74      70      75      71     290       2    1966
      16        D. Sanders                          74      72      73      73     292       4    1967
      33        D. Sanders                          74      74      73      75     296       8    1962
      36        D. Sanders                          72      71      76      77     296       8    1969
      28        D. Sanders                          73      74      77      73     297       9    1963
      29        D. Sanders                          73      71      81      73     298      10    1960
      31        D. Sanders                          76      72      75      77     300      12    1957
       5        D. Shute                            73      71      70      73     287      -1    1935
      20        D. Shute                            73      75      72      71     291       3    1947
      13        D. Shute                            73      73      76      72     294       6    1934
      15        D. Shute                            78      71      73      72     294       6    1939
      11        D. Shute                            76      68      75      77     296       8    1936
      13        D. Shute                            74      75      71      76     296       8    1937
      18        D. Shute                            77      75      74      70     296       8    1941
      25        D. Shute                            79      77      71      73     300      12    1946
      32        D. Shute                            74      73      76      77     300      12    1948
      35        D. Shute                            77      72      81      75     305      17    1950
      45        D. Shute                            79      74      76      77     306      18    1949
      36        D. Shute                            78      71      77      80     306      18    1955
      47        D. Shute                            79      76      79      74     308      20    1951
      55        D. Shute                            78      81      74      75     308      20    1953
      49        D. Shute                            74      77      78      81     310      22    1952
      68        D. Shute                            73      85      82      77     317      29    1954
      71        D. Shute                            82      79      89      74     324      36    1956
       5        D. Sikes                            67      72      71      75     285      -3    1965
      15        D. Sikes                            69      71      74      71     285      -3    1974
      12        D. Sikes                            69      71      73      74     287      -1    1969
      13        D. Sikes                            76      68      71      73     288       0    1964
      35        D. Sikes                            73      76      70      72     291       3    1968
      15        D. Sikes                            74      76      72      71     293       5    1963
      36        D. Sikes                            70      77      71      77     295       7    1970
      36        D. Sikes                            76      74      75      76     301      13    1966
       2        D. Stockton                         71      66      70      73     280      -8    1974
       5        D. Stockton                         72      72      69      70     283      -5    1970
       9        D. Stockton                         72      73      69      72     286      -2    1971
      18        D. Stockton                         71      71      75      72     289       1    1969
      26        D. Stockton                         74      70      76      69     289       1    1980
      10        D. Stockton                         76      70      74      71     291       3    1972
      26        D. Stockton                         72      72      73      74     291       3    1975
      14        D. Stockton                         72      74      71      75     292       4    1973
      39        D. Stockton                         73      72      75      73     293       5    1977
      31        D. Stockton                         72      72      70      79     293       5    1981
      14        D. Tewell                           75      73      68      73     289       1    1988
      38        D. Tewell                           71      69      79      73     292       4    1980
      30        D. Thomas                           73      71      77      74     295       7    1959
      46        D. Thomas                           74      74      72      81     301      13    1967
       6        D. Toms                             75      72      72      64     283      -5    1998
      31        D. Toms                             72      72      71      73     288       0    2001
       8        D. Toms                             71      73      70      74     288       0    2003
      36        D. Toms                             73      74      76      71     294       6    2002
      49        D. Toms                             74      72      73      79     298      10    2000
       5        D. Waldorf                          72      71      69      72     284      -4    1996
      24        D. Waldorf                          74      69      67      76     286      -2    1995
      31        D. Waldorf                          72      70      71      75     288       0    2001
      39        D. Waldorf                          72      75      73      73     293       5    1993
      36        D. Waldorf                          74      75      72      75     296       8    1997
      27        D. Watson                           76      74      73      72     295       7    1987
      53        D. Watson                           76      72      75      76     299      11    1985
      47        D. Weaver                           74      76      81      79     310      22    1972
      25        D. Weibring                         71      68      72      73     284      -4    1992
       7        D. Weibring                         72      75      71      71     289       1    1987
      46        D. Weibring                         72      79      74      76     301      13    1989
      38        E. Ball                             74      75      74      86     309      21    1934
      50        E. Bertolino                        80      80      78      75     313      25    1940
       3        E. Dudley                           70      71      71      74     286      -2    1937
       4        E. Dudley                           73      72      71      71     287      -1    1940
       5        E. Dudley                           73      72      75      68     288       0    1941
       6        E. Dudley                           70      69      77      75     291       3    1938
      10        E. Dudley                           75      75      69      72     291       3    1939
       6        E. Dudley                           75      75      70      73     293       5    1936
      18        E. Dudley                           73      76      75      71     295       7    1948
      19        E. Dudley                           73      73      74      76     296       8    1935
      37        E. Dudley                           72      75      73      78     298      10    1947
      32        E. Dudley                           76      76      76      74     302      14    1946
      33        E. Dudley                           71      77      81      76     305      17    1942
       5        E. Dundley                          74      69      71      74     288       0    1934
       6        E. Els                              71      68      68      72     279      -9    2001
       2        E. Els                              70      72      71      67     280      -8    2004
       2        E. Els                              72      67      74      68     281      -7    2000
       5        E. Els                              70      67      72      73     282      -6    2002
       8        E. Els                              74      67      74      71     286      -2    1994
      12        E. Els                              71      71      72      73     287      -1    1996
      16        E. Els                              75      70      70      72     287      -1    1998
       6        E. Els                              79      66      72      70     287      -1    2003
      17        E. Els                              73      70      71      74     288       0    1997
      27        E. Els                              71      72      69      80     292       4    1999
       6        E. Fiori                            71      70      69      73     283      -5    1980
       6        E. Furgol                           70      72      73      74     289       1    1948
       5        E. Furgol                           70      71      74      74     289       1    1963
       6        E. Furgol                           73      71      72      74     290       2    1957
      15        E. Furgol                           80      71      72      71     294       6    1951
      24        E. Furgol                           74      72      78      75     299      11    1955
      44        E. Furgol                           77      73      71      81     302      14    1947
      24        E. Furgol                           74      75      78      76     303      15    1956
      38        E. Furgol                           74      77      78      77     306      18    1952
      47        E. Furgol                           77      79      77      74     307      19    1949
       4        E. Harrison                         70      79      74      68     291       3    1954
       7        E. Harrison                         74      70      71      77     292       4    1942
      13        E. Harrison                         73      77      73      70     293       5    1948
      15        E. Harrison                         76      71      76      71     294       6    1951
      29        E. Harrison                         74      71      74      77     296       8    1947
      23        E. Harrison                         73      78      75      72     298      10    1949
      31        E. Harrison                         72      76      74      77     299      11    1940
      37        E. Harrison                         75      77      75      76     303      15    1946
      56        E. Hopkins Jr.                      76      76      82      80     314      26    1956
      58        E. Meister Jr.                      78      78      84      76     316      28    1956
      67        E. Meister Jr.                      86      87      74      77     324      36    1955
      26        E. Monti                            74      79      74      73     300      12    1950
       2        E. Oliver                           69      73      67      70     279      -9    1953
       8        E. Oliver                           70      72      74      71     287      -1    1947
      14        E. Oliver                           75      69      73      74     291       3    1959
      19        E. Oliver                           73      75      74      72     294       6    1940
      20        E. Oliver                           74      75      73      73     295       7    1960
      22        E. Oliver                           75      75      75      74     299      11    1954
      37        E. Oliver                           79      73      71      80     303      15    1946
      30        E. Oliver                           72      72      77      83     304      16    1952
      53        E. Oliver                           77      76      81      77     311      23    1955
      28        E. Pearce                           71      71      79      74     295       7    1976
      39        E. Romero                           74      73      74      77     298      10    2004
       2        E. Sneed                            68      67      69      76     280      -8    1979
      18        E. Sneed                            74      70      70      73     287      -1    1978
      44        E. Sneed                            70      70      79      74     293       5    1980
      43        E. Sneed                            74      74      77      72     297       9    1974
      16        E. Stewart Jr.                      75      72      70      75     292       4    1953
      22        E. Stewart Jr.                      78      75      75      71     299      11    1954
      34        E. Stewart Jr.                      75      80      75      75     305      17    1952
      43        E. Stewart Jr.                      78      80      72      78     308      20    1955
      54        E. Tutwiler                         79      74      73      81     307      19    1966
      44        E. Updegraff                        76      75      77      76     304      16    1966
      24        E. Vines                            75      71      75      73     294       6    1947
      28        E. Vines                            76      71      77      74     298      10    1948
      38        E. Vines                            76      77      76      74     303      15    1949
      38        E. Vossler                          74      74      75      76     299      11    1959
      61        E. Vossler                          78      79      83      77     317      29    1956
       4        E. Ward Jr.                         73      71      71      73     288       0    1957
      14        E. Ward Jr.                         73      74      69      75     291       3    1953
       8        E. Ward Jr.                         77      69      75      71     292       4    1955
      20        E. Ward Jr.                         78      75      74      71     298      10    1954
      21        E. Ward Jr.                         72      71      78      78     299      11    1952
      35        E. Ward Jr.                         74      77      77      74     302      14    1951
      35        E. Ward Jr.                         79      78      74      74     305      17    1950
      51        E. Ward Jr.                         78      78      81      79     316      28    1948
      41        E. Woods                            72      72      77      72     293       5    1995
      34        E.H. Ward Jr.                       76      70      81      78     305      17    1956
      52        F. Allem                            69      71      78      74     292       4    1992
      38        F. Allem                            69      77      76      77     299      11    1994
       5        F. Beard                            75      65      71      70     281      -7    1968
       9        F. Beard                            71      76      68      70     285      -3    1970
       9        F. Beard                            74      73      69      70     286      -2    1971
       8        F. Beard                            68      77      72      70     287      -1    1965
      22        F. Beard                            69      70      72      76     287      -1    1974
      19        F. Beard                            72      74      70      74     290       2    1969
      26        F. Beard                            74      75      75      71     295       7    1967
      24        F. Beard                            73      75      71      76     295       7    1973
      22        F. Beard                            77      71      77      73     298      10    1966
      43        F. Beard                            74      75      78      74     301      13    1976
      41        F. Beard                            72      79      79      76     306      18    1972
      59        F. Champ                            85      72      77      77     311      23    1953
       1        F. Couples                          69      67      69      70     275     -13    1992
       2        F. Couples                          69      70      71      70     280      -8    1998
      10        F. Couples                          71      69      67      75     282      -6    1995
      10        F. Couples                          71      73      67      72     283      -5    1984
       5        F. Couples                          74      69      72      69     284      -4    1990
       5        F. Couples                          75      68      71      71     285      -3    1988
       7        F. Couples                          72      69      73      72     286      -2    1997
      26        F. Couples                          74      71      73      68     286      -2    2001
       6        F. Couples                          73      69      74      70     286      -2    2004
      10        F. Couples                          75      73      69      70     287      -1    1985
      35        F. Couples                          68      73      72      75     288       0    1991
      21        F. Couples                          72      70      74      72     288       0    1993
      15        F. Couples                          78      68      71      71     288       0    1996
      11        F. Couples                          76      72      70      70     288       0    2000
      11        F. Couples                          72      76      74      67     289       1    1989
      31        F. Couples                          72      77      70      72     291       3    1986
      27        F. Couples                          74      71      76      71     292       4    1999
      36        F. Couples                          73      73      76      72     294       6    2002
      28        F. Couples                          73      75      69      77     294       6    2003
      32        F. Couples                          73      68      81      73     295       7    1983
      30        F. Fezler                           76      71      71      74     292       4    1975
      28        F. Francis                          77      74      75      76     302      14    1937
      17        F. Funk                             73      74      69      72     288       0    1997
      37        F. Funk                             75      68      78      73     294       6    2000
      36        F. Funk                             71      72      76      76     295       7    1996
      38        F. Funk                             79      70      75      75     299      11    1994
      17        F. Haas Jr.                         70      74      73      73     290       2    1947
      15        F. Haas Jr.                         71      75      68      80     294       6    1946
      10        F. Haas Jr.                         74      76      73      71     294       6    1950
      18        F. Haas Jr.                         75      75      76      69     295       7    1948
      26        F. Haas Jr.                         74      73      71      77     295       7    1953
      29        F. Haas Jr.                         75      70      75      79     299      11    1949
      37        F. Haas Jr.                         75      73      75      79     302      14    1935
      33        F. Haas Jr.                         76      78      78      70     302      14    1954
      39        F. Haas Jr.                         79      76      73      75     303      15    1951
      29        F. Haas Jr.                         78      72      75      79     304      16    1956
       2        F. Hawkins                          71      75      68      71     285      -3    1958
      10        F. Hawkins                          75      70      74      70     289       1    1953
       7        F. Hawkins                          77      71      68      73     289       1    1959
       7        F. Hawkins                          71      73      78      71     293       5    1952
      24        F. Hawkins                          74      75      72      72     293       5    1961
      16        F. Hawkins                          69      78      72      75     294       6    1960
      16        F. Hawkins                          75      74      72      74     295       7    1957
      29        F. Hawkins                          71      73      76      84     304      16    1956
      58        F. Hawkins                          78      80      76      75     309      21    1954
      17        F. Jacobson                         74      74      67      74     289       1    2004
      40        F. Langham                          72      73      75      72     292       4    2001
      50        F. McLeod                           80      81      79      76     316      28    1934
      64        F. McLeod                           84      76      83      81     324      36    1935
      33        F. Moore                            76      74      71      76     297       9    1947
      22        F. Moore                            75      74      75      74     298      10    1939
      31        F. Moore                            76      72      73      78     299      11    1940
      39        F. Moore                            73      79      76      82     310      22    1937
      45        F. Mosely                           77      75      78      76     306      18    1949
      57        F. Mosely                           82      77      78      79     316      28    1950
       4        F. Nobilo                           71      71      72      69     283      -5    1996
      46        F. Nobilo                           76      72      74      81     303      15    1997
       6        F. Serafin                          72      71      78      70     291       3    1938
      16        F. Serafin                          74      76      73      72     295       7    1939
      19        F. Serafin                          72      79      74      72     297       9    1941
      19        F. Serafin                          75      76      71      77     299      11    1937
      18        F. Serafin                          75      74      77      73     299      11    1942
      21        F. Serafin                          76      75      79      69     299      11    1946
      47        F. Serafin                          75      73      79      77     304      16    1947
      46        F. Serafin                          85      72      80      71     308      20    1940
      58        F. Strafaci                         77      82      84      81     324      36    1950
       2        F. Stranahan                        73      72      70      68     283      -5    1947
      14        F. Stranahan                        72      75      69      75     291       3    1953
      15        F. Stranahan                        77      76      71      71     295       7    1955
      19        F. Stranahan                        70      77      75      74     296       8    1949
      34        F. Stranahan                        74      72      73      77     296       8    1959
      14        F. Stranahan                        74      79      73      71     297       9    1950
      20        F. Stranahan                        76      74      73      75     298      10    1946
      19        F. Stranahan                        72      74      76      76     298      10    1952
      32        F. Stranahan                        74      74      74      79     301      13    1951
      22        F. Stranahan                        72      75      79      76     302      14    1956
      43        F. Stranahan                        79      75      72      78     304      16    1954
      13        F. Taylor Jr.                       74      74      77      69     294       6    1957
      20        F. Taylor Jr.                       70      74      73      78     295       7    1960
      29        F. Torza                            78      73      72      74     297       9    1953
      35        F. Torza                            75      73      76      79     303      15    1948
      43        F. Torza                            74      78      74      78     304      16    1954
      32        F. Van Donck                        70      74      75      79     298      10    1958
      12        F. Walsh                            73      75      69      74     291       3    1940
      27        F. Walsh                            74      75      77      76     302      14    1938
      29        F. Walsh                            76      76      72      78     302      14    1939
      43        F. Walsh                            75      82      73      73     303      15    1935
      37        F. Walsh                            74      76      76      78     304      16    1941
      39        F. Walsh                            80      77      78      76     311      23    1936
       1        F. Zoeller                          70      71      69      70     280      -8    1979
      12        F. Zoeller                          70      70      75      67     282      -6    1991
      19        F. Zoeller                          71      70      73      69     283      -5    1992
      11        F. Zoeller                          75      67      71      73     286      -2    1993
      19        F. Zoeller                          72      70      70      75     287      -1    1980
      21        F. Zoeller                          73      73      69      72     287      -1    1986
      31        F. Zoeller                          72      73      70      74     289       1    1984
      20        F. Zoeller                          72      74      73      70     289       1    1990
      10        F. Zoeller                          72      76      70      72     290       2    1982
      16        F. Zoeller                          76      66      72      76     290       2    1988
      20        F. Zoeller                          70      74      76      72     292       4    1983
      26        F. Zoeller                          76      74      69      74     293       5    1989
      33        F. Zoeller                          71      74      75      74     294       6    1998
      27        F. Zoeller                          76      71      76      72     295       7    1987
      34        F. Zoeller                          75      73      69      78     295       7    1997
      43        F. Zoeller                          77      70      78      72     297       9    1981
      35        F. Zoeller                          74      72      74      78     298      10    1994
      33        G. Andrews                          73      76      77      73     299      11    1960
       1        G. Archer                           67      73      69      72     281      -7    1969
      19        G. Archer                           74      74      69      70     287      -1    1977
      11        G. Archer                           74      70      72      71     287      -1    1981
      22        G. Archer                           75      71      72      70     288       0    1968
      25        G. Archer                           70      74      71      73     288       0    1984
      12        G. Archer                           71      73      71      74     289       1    1983
      51        G. Archer                           74      69      76      72     291       3    1992
      16        G. Archer                           75      67      72      78     292       4    1967
      12        G. Archer                           73      75      72      72     292       4    1972
      31        G. Archer                           73      72      74      75     294       6    1970
      35        G. Archer                           73      74      78      71     296       8    1971
      30        G. Archer                           79      74      72      71     296       8    1982
      43        G. Archer                           73      74      74      78     299      11    1973
      53        G. Archer                           73      74      79      73     299      11    1985
      43        G. Archer                           75      75      75      75     300      12    1989
      49        G. Archer                           70      74      82      75     301      13    1990
      15        G. Bayer                            69      74      75      72     290       2    1965
      29        G. Bayer                            74      75      72      76     297       9    1958
      28        G. Bayer                            71      75      84      67     297       9    1963
      29        G. Bayer                            73      73      80      72     298      10    1960
      44        G. Bayer                            71      76      74      80     301      13    1962
      40        G. Bayer                            74      75      77      77     303      15    1959
      42        G. Bayer                            76      77      76      74     303      15    1966
       1        G. Brewer Jr.                       73      68      72      67     280      -8    1967
       3        G. Brewer Jr.                       74      72      72      70     288       0    1966
      15        G. Brewer Jr.                       75      68      71      74     288       0    1981
      11        G. Brewer Jr.                       74      71      70      75     290       2    1962
      29        G. Brewer Jr.                       73      71      69      77     290       2    1978
      25        G. Brewer Jr.                       75      72      73      71     291       3    1964
      35        G. Brewer Jr.                       72      74      71      74     291       3    1968
      10        G. Brewer Jr.                       75      66      74      76     291       3    1973
      23        G. Brewer Jr.                       75      74      71      73     293       5    1976
      31        G. Brewer Jr.                       78      70      72      74     294       6    1970
      47        G. Brewer Jr.                       72      73      80      76     301      13    1983
      45        G. Brewer Jr.                       73      80      72      80     305      17    1982
      30        G. Burns III                        72      72      76      72     292       4    1975
      33        G. Burns III                        75      79      71      74     299      11    1982
      25        G. Cowan                            71      77      72      71     291       3    1964
      45        G. Cowan                            78      71      73      73     295       7    1968
      49        G. Dahlbender Jr.                   74      83      72      79     308      20    1949
      34        G. Dawson                           74      78      77      73     302      14    1941
      49        G. Dawson                           77      73      81      81     312      24    1940
      19        G. Day                              79      67      74      71     291       3    2000
      22        G. Dickinson Jr.                    74      71      72      71     288       0    1968
      15        G. Dickinson Jr.                    70      71      72      78     291       3    1962
      10        G. Dickinson Jr.                    74      70      72      75     291       3    1973
      29        G. Dickinson Jr.                    73      74      71      76     294       6    1969
      22        G. Dickinson Jr.                    77      72      73      74     296       8    1972
      36        G. Dickinson Jr.                    77      70      73      77     297       9    1967
      28        G. Dickinson Jr.                    76      75      76      72     299      11    1966
      32        G. Dickinson Jr.                    73      78      76      74     301      13    1954
      18        G. Fazio                            68      74      74      80     296       8    1951
      14        G. Fazio                            72      71      78      76     297       9    1952
      21        G. Fazio                            73      74      78      73     298      10    1950
      39        G. Fazio                            75      78      71      76     300      12    1947
      30        G. Fazio                            78      76      71      75     300      12    1949
      33        G. Fazio                            78      79      74      71     302      14    1954
      51        G. Fazio                            77      74      77      77     305      17    1953
       2        G. Gilbert                          70      74      68      67     279      -9    1980
      28        G. Gilbert                          71      71      76      74     292       4    1981
      45        G. Gilbert                          72      76      75      79     302      14    1971
      38        G. Gilbert                          72      76      74      81     303      15    1972
      38        G. Groh                             72      76      71      75     294       6    1975
       6        G. Hallberg                         68      73      75      70     286      -2    1985
      32        G. Hallberg                         71      71      75      78     295       7    1983
      47        G. Hallberg                         73      73      78      73     297       9    1978
      57        G. Hallberg                         72      74      78      75     299      11    1993
      42        G. Hallberg                         73      69      80      79     301      13    1988
      50        G. Hamer                            77      77      77      74     305      17    1947
      52        G. Jacobus                          79      80      77      81     317      29    1934
      38        G. Jones                            73      75      73      75     296       8    1970
      37        G. Jones                            71      72      77      78     298      10    1973
      33        G. Jones                            73      75      76      76     300      12    1972
      43        G. Kerrigan                         84      74      76      77     311      23    1934
       2        G. Knudson                          70      73      69      70     282      -6    1969
      10        G. Knudson                          72      73      69      74     288       0    1965
      28        G. Knudson                          75      71      72      71     289       1    1968
       6        G. Knudson                          73      76      72      71     292       4    1966
      31        G. Knudson                          72      74      75      75     296       8    1967
      45        G. Knudson                          73      72      78      76     299      11    1970
      16        G. Koch                             69      74      71      72     286      -2    1986
      16        G. Koch                             72      70      73      74     289       1    1985
      35        G. Koch                             70      75      70      76     291       3    1984
      22        G. Koch                             76      75      72      70     293       5    1987
      42        G. Koch                             78      71      72      73     294       6    1977
      25        G. Koch                             72      73      74      75     294       6    1988
      10        G. Kunes                            74      74      74      71     293       5    1942
      19        G. Kunes                            76      74      76      71     297       9    1941
      28        G. Kunes                            76      72      77      73     298      10    1935
      39        G. Kunes                            74      73      78      75     300      12    1947
      29        G. Kunes                            76      72      77      76     301      13    1946
      38        G. Kunes                            80      76      78      75     309      21    1934
      39        G. Kunes                            81      76      76      78     311      23    1936
       2        G. Littler                          69      70      70      70     279      -9    1970
       4        G. Littler                          71      68      71      72     282      -6    1962
       4        G. Littler                          72      69      73      69     283      -5    1971
       8        G. Littler                          69      75      70      71     285      -3    1969
       8        G. Littler                          71      72      73      69     285      -3    1977
       6        G. Littler                          71      74      67      74     286      -2    1965
      10        G. Littler                          74      71      69      72     286      -2    1979
      13        G. Littler                          70      72      78      68     288       0    1964
      24        G. Littler                          72      68      70      78     288       0    1978
      15        G. Littler                          72      73      72      72     289       1    1961
      12        G. Littler                          71      72      74      72     289       1    1976
       8        G. Littler                          72      75      72      71     290       2    1959
      22        G. Littler                          72      72      72      74     290       2    1975
      39        G. Littler                          69      71      78      74     292       4    1974
      17        G. Littler                          77      72      71      73     293       5    1973
      43        G. Littler                          73      73      76      72     294       6    1968
      24        G. Littler                          77      72      78      68     295       7    1963
      26        G. Littler                          72      74      74      75     295       7    1967
      49        G. Littler                          72      72      77      75     296       8    1980
      22        G. Littler                          75      72      76      75     298      10    1955
      12        G. Littler                          73      77      74      74     298      10    1956
      22        G. Littler                          79      75      73      72     299      11    1954
      42        G. Littler                          75      73      74      80     302      14    1958
      44        G. Littler                          76      76      72      80     304      16    1966
       9        G. Marsh                            73      68      75      72     288       0    1976
      31        G. Marsh                            76      69      72      73     290       2    1974
      22        G. Marsh                            75      70      74      71     290       2    1975
      31        G. Marsh                            77      72      72      69     290       2    1977
      28        G. Marsh                            71      72      73      75     291       3    1979
      33        G. Marsh                            71      72      72      76     291       3    1980
      47        G. Moreland                         78      74      75      78     305      17    1935
       3        G. Morgan                           73      71      69      67     280      -8    1984
      18        G. Morgan                           73      73      70      71     287      -1    1978
      19        G. Morgan                           74      71      75      67     287      -1    1980
       8        G. Morgan                           67      70      76      74     287      -1    1983
      21        G. Morgan                           74      73      70      73     290       2    1981
      31        G. Morgan                           72      69      71      80     292       4    1979
      50        G. Morgan                           72      74      72      77     295       7    1993
       3        G. Norman                           73      68      68      68     277     -11    1995
       2        G. Norman                           70      72      68      70     280      -8    1986
       6        G. Norman                           70      70      73      68     281      -7    1992
       2        G. Norman                           63      69      71      78     281      -7    1996
       4        G. Norman                           69      70      72      72     283      -5    1981
       3        G. Norman                           71      68      71      73     283      -5    1999
       3        G. Norman                           74      75      68      67     284      -4    1989
       2        G. Norman                           73      74      66      72     285      -3    1987
       5        G. Norman                           77      73      71      64     285      -3    1988
      25        G. Norman                           75      71      73      69     288       0    1984
      11        G. Norman                           80      68      70      70     288       0    2000
      31        G. Norman                           74      68      71      77     290       2    1993
      18        G. Norman                           70      70      75      77     292       4    1994
      30        G. Norman                           71      74      70      79     294       6    1983
      36        G. Norman                           71      76      72      75     294       6    2002
      47        G. Norman                           73      72      75      78     298      10    1985
      36        G. Norman                           73      75      73      79     300      12    1982
       1        G. Player                           72      72      69      64     277     -11    1978
       1        G. Player                           71      71      66      70     278     -10    1974
       1        G. Player                           69      68      69      74     280      -8    1961
       2        G. Player                           67      71      71      71     280      -8    1962
       2        G. Player                           65      73      69      73     280      -8    1965
       3        G. Player                           74      68      68      70     280      -8    1970
       7        G. Player                           72      67      71      72     282      -6    1968
       6        G. Player                           71      71      71      70     283      -5    1980
       6        G. Player                           72      72      71      69     284      -4    1971
       5        G. Player                           69      72      72      73     286      -2    1964
       6        G. Player                           75      69      72      71     287      -1    1967
      19        G. Player                           71      70      72      74     287      -1    1977
      21        G. Player                           71      72      73      71     287      -1    1984
      17        G. Player                           71      72      74      71     288       0    1979
      15        G. Player                           73      73      71      71     288       0    1981
       6        G. Player                           72      71      72      74     289       1    1960
       5        G. Player                           71      74      74      70     289       1    1963
       8        G. Player                           73      75      71      71     290       2    1959
      10        G. Player                           73      75      72      71     291       3    1972
      24        G. Player                           73      74      68      76     291       3    1990
      30        G. Player                           72      74      73      73     292       4    1975
      15        G. Player                           74      73      71      74     292       4    1982
      36        G. Player                           71      75      73      75     294       6    1985
      33        G. Player                           74      70      75      76     295       7    1969
      28        G. Player                           73      73      70      79     295       7    1976
      24        G. Player                           77      72      75      73     297       9    1957
      35        G. Player                           75      75      71      76     297       9    1987
      28        G. Player                           74      77      76      72     299      11    1966
      60        G. Player                           71      76      75      80     302      14    1993
      46        G. Player                           77      72      78      75     302      14    1998
       1        G. Sarazen                          68      71      73      70     282      -6    1935
       5        G. Sarazen                          73      66      72      72     283      -5    1939
       3        G. Sarazen                          78      67      72      70     287      -1    1936
      12        G. Sarazen                          75      73      74      71     293       5    1951
      10        G. Sarazen                          80      70      72      72     294       6    1950
      13        G. Sarazen                          78      70      68      79     295       7    1938
      21        G. Sarazen                          74      71      77      73     295       7    1940
      26        G. Sarazen                          75      76      74      70     295       7    1947
      23        G. Sarazen                          77      74      73      72     296       8    1948
      19        G. Sarazen                          76      72      74      75     297       9    1941
      24        G. Sarazen                          74      80      73      73     300      12    1937
      38        G. Sarazen                          75      78      73      74     300      12    1953
      28        G. Sarazen                          80      74      75      75     304      16    1942
      39        G. Sarazen                          75      74      76      79     304      16    1949
      53        G. Sarazen                          79      75      78      75     307      19    1954
      49        G. Sarazen                          74      73      81      80     308      20    1963
      49        G. Sarazen                          77      75      78      80     310      22    1956
      50        G. Sargent                          80      76      82      78     316      28    1934
      62        G. Sargent                          80      79      79      81     319      31    1935
      34        G. Sauers                           74      71      75      71     291       3    1993
      33        G. Sauers                           75      73      74      74     296       8    1987
      12        G. Schneiter                        73      73      72      75     293       5    1946
      26        G. Schneiter                        70      75      78      72     295       7    1947
      42        G. Schneiter                        77      76      73      79     305      17    1949
      64        G. Schneiter                        77      80      82      79     318      30    1956
      38        G. Schoux                           71      72      78      78     299      11    1947
      34        G. T. Dunlap Jr.                    76      75      78      77     306      18    1934
      43        G. Twiggs                           75      76      79      70     300      12    1989
      50        G. Von Elm                          77      76      79      81     313      25    1951
      55        G. Webb                             76      78      75      83     312      24    1950
      31        H. Baiocchi                         75      71      74      70     290       2    1974
      22        H. Baiocchi                         76      72      72      70     290       2    1975
      33        H. Bannerman                        78      72      72      78     300      12    1972
      17        H. Barron                           71      71      74      74     290       2    1947
      13        H. Barron                           73      75      71      75     294       6    1949
      25        H. Barron                           73      77      71      76     297       9    1948
      25        H. Barron                           74      73      74      79     300      12    1946
      36        H. Barron                           77      75      80      75     307      19    1942
      46        H. Barron                           75      77      82      74     308      20    1950
       5        H. Blancas Jr.                      76      71      69      74     290       2    1972
      43        H. Blancas Jr.                      72      69      79      77     297       9    1975
      39        H. Blancas Jr.                      75      77      76      74     302      14    1963
      25        H. Ciuci                            74      73      74      78     299      11    1934
      45        H. Ciuci                            79      77      74      74     304      16    1935
      35        H. Clark                            74      71      77      75     297       9    1987
       2        H. Cooper                           70      69      71      76     286      -2    1936
       4        H. Cooper                           73      69      71      74     287      -1    1937
       2        H. Cooper                           68      77      71      71     287      -1    1938
       4        H. Cooper                           69      75      73      70     287      -1    1940
      14        H. Cooper                           72      73      75      73     293       5    1941
      25        H. Cooper                           73      76      74      74     297       9    1935
      18        H. Cooper                           74      77      76      72     299      11    1942
      33        H. Cooper                           76      77      73      78     304      16    1939
      13        H. Cotton                           73      73      72      76     294       6    1957
      25        H. Cotton                           72      73      75      77     297       9    1948
      68        H. Cotton                           77      83      81      80     321      33    1956
       2        H. Green                            72      69      65      72     278     -10    1978
       4        H. Green                            68      74      71      67     280      -8    1980
       9        H. Green                            68      70      74      71     283      -5    1974
       8        H. Green                            74      71      70      70     285      -3    1975
       8        H. Green                            67      74      72      72     285      -3    1977
      10        H. Green                            74      69      72      71     286      -2    1979
      11        H. Green                            70      70      74      73     287      -1    1981
      19        H. Green                            74      70      75      72     291       3    1988
      14        H. Green                            72      74      75      71     292       4    1973
      19        H. Green                            71      66      78      77     292       4    1976
      36        H. Green                            71      75      73      74     293       5    1986
      22        H. Green                            75      74      74      73     296       8    1972
      34        H. Green                            74      75      76      71     296       8    1989
      35        H. Green                            80      71      74      72     297       9    1987
      43        H. Green                            76      72      77      78     303      15    1982
      22        H. Henning                          72      71      71      74     288       0    1968
      13        H. Henning                          73      72      71      72     288       0    1969
      11        H. Henning                          75      73      72      70     290       2    1962
      36        H. Henning                          74      73      77      73     297       9    1967
      22        H. Henning                          77      74      70      77     298      10    1966
      41        H. Henning                          72      75      77      74     298      10    1971
       4        H. Irwin                            68      70      72      71     281      -7    1974
      10        H. Irwin                            70      70      75      66     281      -7    1991
       4        H. Irwin                            73      74      71      64     282      -6    1975
       5        H. Irwin                            70      74      70      68     282      -6    1977
       8        H. Irwin                            73      67      71      71     282      -6    1978
      14        H. Irwin                            69      72      71      72     284      -4    1995
       5        H. Irwin                            71      77      67      70     285      -3    1976
       6        H. Irwin                            72      73      72      69     286      -2    1983
      21        H. Irwin                            70      71      74      72     287      -1    1984
      13        H. Irwin                            69      72      71      76     288       0    1971
      47        H. Irwin                            72      70      72      75     289       1    1992
      27        H. Irwin                            74      69      74      72     289       1    1993
      23        H. Irwin                            72      70      74      74     290       2    1979
      25        H. Irwin                            73      74      70      74     291       3    1981
      18        H. Irwin                            73      68      79      72     292       4    1994
      36        H. Irwin                            78      71      73      72     294       6    1985
      29        H. Irwin                            74      71      77      72     294       6    1996
      18        H. Johnson                          75      71      73      71     290       2    1970
      46        H. Johnson                          73      74      82      74     303      15    1971
       1        H. Keiser                           69      68      71      74     282      -6    1946
      10        H. Keiser                           70      72      76      73     291       3    1948
      11        H. Keiser                           75      68      78      72     293       5    1949
      24        H. Keiser                           74      75      73      72     294       6    1947
      14        H. Keiser                           75      72      75      75     297       9    1950
      23        H. Keiser                           74      74      78      76     302      14    1942
      39        H. Keiser                           77      73      79      74     303      15    1951
      45        H. Keiser                           75      77      79      74     305      17    1963
      56        H. Keiser                           82      79      75      76     312      24    1955
      28        H. Mahan                            73      72      73      76     294       6    2003
       4        H. McSpaden                         74      69      70      71     284      -4    1947
       9        H. McSpaden                         75      74      72      70     291       3    1941
       7        H. McSpaden                         77      74      72      69     292       4    1934
      12        H. McSpaden                         75      72      74      72     293       5    1939
      17        H. McSpaden                         73      71      74      75     293       5    1940
      19        H. McSpaden                         75      72      75      74     296       8    1935
      16        H. McSpaden                         72      75      77      71     297       9    1938
      15        H. McSpaden                         77      75      71      76     299      11    1936
      18        H. McSpaden                         74      72      79      74     299      11    1942
      29        H. McSpaden                         75      74      75      77     301      13    1946
      33        H. McSpaden                         77      75      76      73     301      13    1948
      32        H. McSpaden                         77      79      72      76     304      16    1937
      41        H. Meshiai                          71      71      80      78     300      12    1994
      49        H. Paddock Jr.                      75      78      80      79     312      24    1951
      56        H. Paddock Jr.                      78      79      78      79     314      26    1950
       1        H. Picard                           71      72      72      70     285      -3    1938
       4        H. Picard                           67      68      76      75     286      -2    1935
       6        H. Picard                           73      70      72      71     286      -2    1947
       7        H. Picard                           71      71      71      75     288       0    1940
       8        H. Picard                           71      71      76      71     289       1    1939
       9        H. Picard                           75      72      74      73     294       6    1936
      15        H. Picard                           75      72      75      75     297       9    1942
      25        H. Picard                           73      73      74      77     297       9    1948
      21        H. Picard                           74      77      73      73     297       9    1949
      14        H. Picard                           74      71      77      75     297       9    1950
      23        H. Picard                           71      76      75      76     298      10    1934
      39        H. Picard                           75      73      76      74     298      10    1962
      25        H. Picard                           79      73      71      77     300      12    1946
      38        H. Picard                           73      75      74      78     300      12    1953
      35        H. Picard                           79      71      78      74     302      14    1957
      33        H. Picard                           75      77      75      78     305      17    1937
      41        H. Picard                           78      79      75      75     307      19    1955
      46        H. Picard                           75      76      82      76     309      21    1956
      52        H. Picard                           76      77      78      80     311      23    1952
      21        H. Ransom                           75      73      72      76     296       8    1957
      25        H. Ransom                           74      74      74      76     298      10    1951
      24        H. Robbins                          77      76      74      72     299      11    1955
      17        H. Robbins                          73      73      78      76     300      12    1956
      40        H. Robbins                          77      73      74      80     304      16    1957
       1        H. Smith                            72      72      70      72     284      -4    1934
       1        H. Smith                            74      71      68      72     285      -3    1936
       5        H. Smith                            67      73      74      73     287      -1    1942
      22        H. Smith                            72      70      76      75     293       5    1947
      19        H. Smith                            74      75      74      73     296       8    1935
      12        H. Smith                            70      79      75      72     296       8    1950
      19        H. Smith                            74      72      77      74     297       9    1941
      23        H. Smith                            75      72      78      73     298      10    1949
      19        H. Smith                            75      72      77      75     299      11    1937
      22        H. Smith                            75      75      78      71     299      11    1938
      21        H. Smith                            78      77      75      69     299      11    1946
      26        H. Smith                            75      79      74      72     300      12    1939
      32        H. Smith                            79      77      70      75     301      13    1951
      34        H. Smith                            78      73      76      75     302      14    1948
      45        H. Smith                            78      76      72      76     302      14    1953
      38        H. Smith                            80      78      71      74     303      15    1954
      30        H. Smith                            74      73      77      80     304      16    1952
      47        H. Smith                            76      76      80      77     309      21    1940
      59        H. Smith                            81      81      79      74     315      27    1955
      76        H. Smith                            86      84      84      82     336      48    1956
      27        H. Spears                           70      74      79      78     301      13    1950
      42        H. Spears                           76      77      77      75     305      17    1949
      35        H. Sugimoto                         71      75      73      72     291       3    1968
      10        H. Sutton                           72      75      71      69     287      -1    2000
      36        H. Sutton                           74      69      71      75     289       1    2001
      27        H. Sutton                           73      73      70      77     293       5    1983
      31        H. Sutton                           77      69      70      77     293       5    1985
      52        H. Sutton                           73      73      82      73     301      13    1980
       8        H. Todd                             72      67      80      71     290       2    1948
      29        H. Todd                             74      74      71      77     296       8    1947
      39        H. Todd                             74      79      76      75     304      16    1949
      53        H. Todd                             78      73      75      80     306      18    1953
      49        H. Todd                             76      75      81      77     309      21    1950
      17        H. Twitty                           70      71      73      73     287      -1    1993
      38        H. Twitty                           72      72      77      71     292       4    1980
      40        H. Twitty                           75      72      74      75     296       8    1981
      48        H. Twitty                           73      76      74      81     304      16    1994
      34        H. Weetman                          70      78      74      78     300      12    1960
      45        H. Wettlaufer                       73      77      83      78     311      23    1960
      46        H. Williams                         76      77      76      78     307      19    1951
      47        H. Williams Jr.                     77      76      77      78     308      20    1951
      53        H. Williams Jr.                     82      78      81      70     311      23    1950
      39        H. Wysong                           77      75      73      77     302      14    1966
      25        I. Aoki                             69      72      73      74     288       0    1984
      28        I. Aoki                             73      76      70      70     289       1    1977
      16        I. Aoki                             72      74      71      72     289       1    1985
      19        I. Aoki                             70      76      74      71     291       3    1983
      34        I. Aoki                             71      72      72      78     293       5    1979
      25        I. Aoki                             74      74      73      73     294       6    1988
      45        I. Aoki                             70      76      77      77     300      12    1981
       7        I. Baker-Finch                      71      70      69      70     280      -8    1991
       6        I. Baker-Finch                      70      69      68      74     281      -7    1992
      10        I. Baker-Finch                      71      71      71      74     287      -1    1994
      54        I. Baker-Finch                      73      72      73      80     298      10    1993
      31        I. Poulter                          75      73      74      73     295       7    2004
       1        I. Woosnam                          72      66      67      72     277     -11    1991
      19        I. Woosnam                          69      66      73      75     283      -5    1992
      17        I. Woosnam                          69      72      71      73     285      -3    1995
      17        I. Woosnam                          71      74      73      69     287      -1    1993
      16        I. Woosnam                          74      71      72      70     287      -1    1998
      14        I. Woosnam                          71      74      71      72     288       0    1999
      14        I. Woosnam                          74      76      71      69     290       2    1989
      30        I. Woosnam                          72      75      70      76     293       5    1990
      29        I. Woosnam                          72      69      73      80     294       6    1996
      40        I. Woosnam                          74      70      76      75     295       7    2000
      39        I. Woosnam                          77      68      75      79     299      11    1997
      46        I. Woosnam                          76      73      77      75     301      13    1994
       5        J. Barber                           72      72      69      74     287      -1    1962
       6        J. Barber                           74      76      71      71     292       4    1954
      21        J. Barber                           73      76      72      72     293       5    1953
       6        J. Barber                           71      72      76      75     294       6    1956
      26        J. Barber                           73      77      78      70     298      10    1957
      34        J. Barber                           76      73      74      77     300      12    1960
      37        J. Barber                           74      72      78      77     301      13    1961
      48        J. Barber                           74      73      77      80     304      16    1964
      56        J. Barber                           75      77      77      83     312      24    1955
      42        J. Belfore                          83      79      78      78     318      30    1939
      27        J. Blake                            74      72      68      71     285      -3    1991
      45        J. Blake                            71      74      73      76     294       6    1993
      16        J. Boros                            73      71      70      71     285      -3    1968
       5        J. Boros                            71      70      70      75     286      -2    1967
       5        J. Boros                            72      71      70      75     288       0    1960
       3        J. Boros                            76      69      71      72     288       0    1963
      26        J. Boros                            75      70      69      74     288       0    1974
      10        J. Boros                            73      71      75      70     289       1    1953
       4        J. Boros                            71      75      72      71     289       1    1955
       8        J. Boros                            75      69      74      72     290       2    1959
      11        J. Boros                            69      73      72      76     290       2    1962
      23        J. Boros                            75      71      74      72     292       4    1970
       7        J. Boros                            73      73      76      71     293       5    1952
      17        J. Boros                            76      72      74      73     295       7    1951
      33        J. Boros                            72      73      73      77     295       7    1969
      16        J. Boros                            76      79      68      74     297       9    1954
      28        J. Boros                            77      73      73      76     299      11    1966
      39        J. Boros                            73      72      78      77     300      12    1958
      24        J. Boros                            73      78      72      80     303      15    1956
      35        J. Boros                            75      77      76      77     305      17    1950
       2        J. Bulla                            74      73      69      69     285      -3    1949
      13        J. Bulla                            70      75      74      69     288       0    1947
       8        J. Bulla                            71      72      73      75     291       3    1951
      13        J. Bulla                            74      72      76      71     293       5    1948
      21        J. Bulla                            73      73      74      75     295       7    1940
      16        J. Bulla                            72      76      73      74     295       7    1946
      31        J. Bulla                            77      78      75      73     303      15    1950
      51        J. Bulla                            75      77      81      72     305      17    1953
       8        J. Burke Jr.                        78      69      69      71     287      -1    1953
       7        J. Burke Jr.                        76      70      68      73     287      -1    1961
       1        J. Burke Jr.                        72      71      75      71     289       1    1956
       2        J. Burke Jr.                        76      67      78      69     290       2    1952
       7        J. Burke Jr.                        71      72      74      74     291       3    1957
      24        J. Burke Jr.                        73      72      70      76     291       3    1969
      11        J. Burke Jr.                        73      72      74      73     292       4    1951
       6        J. Burke Jr.                        71      77      73      71     292       4    1954
      11        J. Burke Jr.                        72      72      74      74     292       4    1960
      13        J. Burke Jr.                        67      76      71      80     294       6    1955
      34        J. Burke Jr.                        71      77      76      72     296       8    1959
      39        J. Burke Jr.                        78      69      73      78     298      10    1962
      44        J. Burke Jr.                        75      73      79      77     304      16    1966
      53        J. Burke Jr.                        76      74      74      81     305      17    1967
       8        J. Byrd                             74      71      71      72     288       0    2003
      29        J. Campbell                         73      75      74      75     297       9    1958
      56        J. Campbell                         77      80      78      79     314      26    1956
      52        J. Carr                             75      73      80      78     306      18    1968
      55        J. Carr                             76      74      79      84     313      25    1967
      33        J. Clark                            76      82      72      72     302      14    1954
       4        J. Colbert                          67      72      69      73     281      -7    1974
      14        J. Colbert                          72      70      70      73     285      -3    1980
      14        J. Colbert                          72      71      69      74     286      -2    1977
      12        J. Colbert                          71      72      74      72     289       1    1976
      32        J. Colbert                          74      73      75      69     291       3    1978
      25        J. Colbert                          73      68      74      76     291       3    1981
      43        J. Colbert                          74      72      76      77     299      11    1973
      18        J. Conrad                           77      71      74      75     297       9    1955
      61        J. Conrad                           76      79      81      81     317      29    1956
      21        J. Cook                             70      71      72      77     290       2    1981
      54        J. Cook                             72      73      71      77     293       5    1992
      39        J. Cook                             76      67      75      75     293       5    1993
      24        J. Cook                             69      73      74      78     294       6    1987
      39        J. Cook                             72      72      75      76     295       7    1979
      43        J. Cook                             75      73      74      76     298      10    1998
      46        J. Cook                             77      72      77      75     301      13    1994
      15        J. Cupit                            73      76      67      75     291       3    1967
      20        J. Cupit                            73      73      72      74     292       4    1962
      40        J. Cupit                            73      73      76      74     296       8    1964
      44        J. Cupit                            78      74      77      75     304      16    1966
      19        J. Daly                             71      71      73      68     283      -5    1992
       3        J. Daly                             70      71      73      69     283      -5    1993
      32        J. Daly                             74      73      70      75     292       4    2002
      29        J. Daly                             71      74      71      78     294       6    1996
      33        J. Daly                             77      71      71      75     294       6    1998
      45        J. Daly                             75      69      71      81     296       8    1995
      52        J. Daly                             72      76      71      81     300      12    1999
      48        J. Daly                             76      73      77      78     304      16    1994
      16        J. Dawson                           78      72      72      73     295       7    1949
      42        J. Dawson                           74      78      78      78     308      20    1952
      61        J. De Bendern                       80      77      75      80     312      24    1953
       1        J. Demaret                          67      72      70      71     280      -8    1940
       1        J. Demaret                          69      71      70      71     281      -7    1947
       1        J. Demaret                          70      72      72      69     283      -5    1950
       3        J. Demaret                          72      70      75      70     287      -1    1957
       5        J. Demaret                          73      73      71      70     287      -1    1962
       4        J. Demaret                          75      70      71      73     289       1    1946
       6        J. Demaret                          70      70      75      75     290       2    1942
      14        J. Demaret                          69      79      70      73     291       3    1958
      12        J. Demaret                          77      69      71      75     292       4    1941
       8        J. Demaret                          76      72      73      71     292       4    1949
      32        J. Demaret                          75      69      73      76     293       5    1964
      18        J. Demaret                          73      72      78      72     295       7    1948
      35        J. Demaret                          71      75      76      73     295       7    1965
      30        J. Demaret                          76      74      78      71     299      11    1951
      29        J. Demaret                          80      75      72      73     300      12    1954
      45        J. Demaret                          73      80      75      74     302      14    1953
      33        J. Demaret                          72      81      77      74     304      16    1939
      43        J. Demaret                          75      75      81      73     304      16    1963
      34        J. Demaret                          73      75      76      81     305      17    1956
      48        J. Estrada                          75      74      76      77     302      14    1962
      14        J. Farrell                          76      72      70      74     292       4    1940
      53        J. Farrell                          80      76      76      79     311      23    1947
      48        J. Farrell                          74      80      78      79     311      23    1948
      39        J. Farrell                          81      75      79      77     312      24    1939
      57        J. Farrell                          81      78      83      76     318      30    1951
      53        J. Farrell                          76      80      81      83     320      32    1949
       2        J. Ferrier                          70      67      73      75     285      -3    1950
       6        J. Ferrier                          70      71      73      72     286      -2    1947
       5        J. Ferrier                          71      73      69      73     286      -2    1964
       4        J. Ferrier                          71      71      75      71     288       0    1948
       4        J. Ferrier                          74      72      68      75     289       1    1946
       7        J. Ferrier                          74      70      74      72     290       2    1951
       3        J. Ferrier                          72      70      77      72     291       3    1952
      16        J. Ferrier                          74      71      76      71     292       4    1953
      16        J. Ferrier                          77      72      67      79     295       7    1949
      26        J. Ferrier                          73      74      75      74     296       8    1940
      15        J. Ferrier                          71      76      80      70     297       9    1942
      29        J. Ferrier                          75      76      73      75     299      11    1941
      11        J. Fleck                            72      75      74      69     290       2    1962
      18        J. Fleck                            74      71      71      76     292       4    1959
      26        J. Fleck                            76      74      75      73     298      10    1957
      39        J. Fleck                            71      76      78      75     300      12    1958
      34        J. Fleck                            78      71      77      74     300      12    1960
      42        J. Fleck                            74      77      77      75     303      15    1963
      43        J. Fleck                            74      77      76      81     308      20    1956
      33        J. Fought III                       74      72      74      71     291       3    1980
      50        J. Fought III                       73      74      78      78     303      15    1977
      11        J. Foulis                           75      70      72      74     291       3    1946
      29        J. Foulis                           74      75      73      76     298      10    1940
      29        J. Foulis                           76      75      71      77     299      11    1941
      28        J. Foulis                           78      74      76      72     300      12    1934
      37        J. Foulis                           81      72      74      75     302      14    1935
      26        J. Foulis                           75      71      79      78     303      15    1942
      52        J. Foulis                           77      76      79      74     306      18    1947
      37        J. Foulis                           80      76      77      76     309      21    1939
      61        J. Frisina                          74      79      88      81     322      34    1952
       6        J. Furyk                            69      71      70      69     279      -9    2001
       4        J. Furyk                            76      70      67      68     281      -7    1998
       4        J. Furyk                            73      72      71      68     284      -4    2003
      14        J. Furyk                            72      73      70      73     288       0    1999
      14        J. Furyk                            73      74      71      71     289       1    2000
      28        J. Furyk                            74      75      72      72     293       5    1997
      29        J. Furyk                            75      70      78      71     294       6    1996
      17        J. Gallagher Jr.                    67      74      71      71     283      -5    1991
      25        J. Gallagher Jr.                    74      68      71      71     284      -4    1992
      29        J. Gallagher, Jr                    70      76      77      71     294       6    1996
      39        J. Gianferante                      77      80      82      73     312      24    1942
      21        J. Golden                           71      75      74      77     297       9    1934
      35        J. Golden                           75      73      77      76     301      13    1935
      44        J. Gonzalez Jr.                     75      74      73      79     301      13    1962
      43        J. Goodman                          80      81      79      75     315      27    1936
      28        J. Grant                            74      74      78      73     299      11    1966
       3        J. Haas                             71      64      72      70     277     -11    1995
       6        J. Haas                             76      69      71      67     283      -5    1986
       5        J. Haas                             73      73      72      67     285      -3    1985
       5        J. Haas                             72      72      72      69     285      -3    1994
      17        J. Haas                             72      74      70      70     286      -2    1980
      12        J. Haas                             72      71      71      72     286      -2    1998
      21        J. Haas                             74      71      70      72     287      -1    1984
       7        J. Haas                             72      72      72      73     289       1    1987
      17        J. Haas                             69      75      72      73     289       1    2004
      38        J. Haas                             70      73      75      74     292       4    1993
      31        J. Haas                             75      71      72      75     293       5    1981
      27        J. Haas                             73      69      73      78     293       5    1983
      31        J. Haas                             76      69      73      75     293       5    1985
      37        J. Haas                             75      71      75      73     294       6    2000
      36        J. Haas                             70      73      75      77     295       7    1996
      47        J. Haas                             74      73      74      76     297       9    1978
      44        J. Haas                             74      69      79      75     297       9    1999
      46        J. Haas                             73      77      79      72     301      13    1989
      44        J. Haas                             76      74      76      78     304      16    1982
      40        J. Hallet                           68      73      78      78     297       9    1983
      50        J. Harris                           72      76      80      77     305      17    1994
      11        J. Heard                            70      70      73      71     284      -4    1974
       5        J. Heard                            73      71      72      74     290       2    1972
      26        J. Heard                            71      75      72      73     291       3    1975
      56        J. Heard                            76      75      72      80     303      15    1973
      48        J. Heard                            76      74      75      79     304      16    1971
       9        J. Hebert                           72      73      73      71     289       1    1958
      28        J. Hebert                           74      71      71      73     289       1    1968
       8        J. Hebert                           72      73      72      73     290       2    1959
      10        J. Hebert                           74      72      76      70     292       4    1957
      30        J. Hebert                           74      74      69      75     292       4    1964
      21        J. Hebert                           72      77      68      76     293       5    1967
      10        J. Hebert                           72      74      73      75     294       6    1966
      15        J. Hebert                           75      74      74      72     295       7    1955
      30        J. Hebert                           72      75      69      80     296       8    1961
      27        J. Hebert                           70      70      81      75     296       8    1963
      16        J. Hebert                           79      74      74      70     297       9    1954
      39        J. Hebert                           69      77      78      77     301      13    1960
      53        J. Hebert                           74      76      82      81     313      25    1956
       9        J. Hines                            70      70      77      74     291       3    1935
       7        J. Hines                            70      74      74      74     292       4    1934
      10        J. Hines                            75      71      75      72     293       5    1938
      10        J. Hines                            77      72      68      77     294       6    1937
      27        J. Hines                            75      76      74      72     297       9    1940
      19        J. Hines                            76      74      75      72     297       9    1941
      22        J. Hines                            76      73      74      75     298      10    1939
      33        J. Hines                            77      76      79      73     305      17    1942
      39        J. Hines                            79      82      74      76     311      23    1936
      49        J. Hines                            79      80      77      80     316      28    1946
      61        J. Hitchcock                        76      77      78      83     314      26    1966
      44        J. Holtgrieve                       74      72      77      70     293       5    1980
      47        J. Holtgrieve                       70      77      79      75     301      13    1981
      41        J. Holtgrieve                       74      76      72      80     302      14    1982
      48        J. Hopkins                          70      78      78      77     303      15    1965
      33        J. Huot                             78      76      70      77     301      13    1940
      39        J. Huot                             80      79      75      77     311      23    1936
      59        J. Huot                             78      78      81      76     313      25    1935
       3        J. Huston                           66      74      68      75     283      -5    1990
      20        J. Huston                           67      75      72      69     283      -5    2001
      25        J. Huston                           69      73      73      69     284      -4    1992
      17        J. Huston                           70      66      72      77     285      -3    1995
      29        J. Huston                           73      72      71      70     286      -2    1991
      10        J. Huston                           72      72      74      69     287      -1    1994
      17        J. Huston                           71      71      71      76     289       1    1996
      21        J. Huston                           67      77      75      70     289       1    1997
      23        J. Huston                           77      71      70      71     289       1    1998
      14        J. Huston                           77      69      72      71     289       1    2000
      36        J. Huston                           74      72      71      77     294       6    1999
      59        J. Huston                           68      74      84      75     301      13    1993
      51        J. Hutchison                        78      73      80      76     307      19    1935
      43        J. Hutchison Jr.                    77      81      76      78     312      24    1941
       9        J. Inman                            69      73      72      69     283      -5    1978
      23        J. Inman                            68      71      76      75     290       2    1979
      33        J. Inman                            74      70      75      72     291       3    1980
      36        J. Inman                            74      75      71      77     297       9    1976
      59        J. Inman                            70      76      80      77     303      15    1985
      44        J. Isaacs                           79      81      72      75     307      19    1950
      53        J. Isaacs                           76      79      76      76     307      19    1954
      37        J. J. Farrell                       74      74      78      76     302      14    1935
      29        J. J. Farrell                       78      75      74      78     305      17    1936
      36        J. J. Farrell                       77      80      78      72     307      19    1934
      38        J. Jackson                          75      77      74      74     300      12    1953
      43        J. Jackson                          79      75      77      77     308      20    1955
      51        J. Jackson                          77      74      76      84     311      23    1956
      64        J. Jackson                          75      82      79      78     314      26    1954
       3        J. Jamieson                         73      71      70      71     285      -3    1973
       5        J. Jamieson                         72      70      71      77     290       2    1972
      43        J. Kaye                             74      71      74      74     293       5    2001
      20        J. Kelly                            72      74      71      72     289       1    2002
      31        J. Kelly                            74      72      73      76     295       7    2004
      48        J. Kelly                            72      76      77      79     304      16    2003
      32        J. Kinder                           77      76      74      76     303      15    1934
      29        J. Kirkwood                         81      76      73      75     305      17    1936
       7        J. Kirkwood Jr.                     73      72      70      75     290       2    1949
      14        J. Kirkwood Jr.                     75      74      77      71     297       9    1950
      20        J. Kirkwood Jr.                     73      71      78      75     297       9    1951
      19        J. Kirkwood Jr.                     71      77      74      76     298      10    1952
      45        J. Kribel                           74      76      76      75     301      13    1998
       8        J. Leonard                          74      73      69      69     285      -3    1998
       7        J. Leonard                          76      69      71      70     286      -2    1997
      27        J. Leonard                          73      71      72      71     287      -1    2001
      18        J. Leonard                          70      72      73      74     289       1    1999
      20        J. Leonard                          70      75      74      70     289       1    2002
      27        J. Leonard                          72      74      75      72     293       5    1996
      28        J. Leonard                          72      71      77      73     293       5    2000
      35        J. Leonard                          76      72      72      76     296       8    2004
      45        J. Lewis Jr.                        78      71      76      70     295       7    1968
      42        J. Lister                           78      72      75      75     300      12    1971
      20        J. Maggert                          72      70      70      71     283      -5    2001
       7        J. Maggert                          71      73      72      69     285      -3    1996
       5        J. Maggert                          72      73      66      75     286      -2    2003
      21        J. Maggert                          70      67      75      76     288       0    1993
      23        J. Maggert                          72      73      72      72     289       1    1998
      50        J. Maggert                          75      73      82      75     305      17    1994
       8        J. Mahaffey                         72      71      69      74     286      -2    1981
      14        J. Mahaffey                         72      75      70      71     288       0    1985
      44        J. Mahaffey                         75      70      73      75     293       5    1980
      42        J. Mahaffey                         79      69      72      75     295       7    1986
      40        J. Mahaffey                         72      75      74      76     297       9    1983
      35        J. Mahaffey                         73      75      76      73     297       9    1987
      42        J. Mahaffey                         72      74      75      76     297       9    1990
      39        J. Mahaffey                         72      74      78      75     299      11    1976
      68        J. McCoy                            77      81      81      82     321      33    1956
      11        J. McGee                            71      73      71      69     284      -4    1978
      28        J. McGee                            73      73      72      71     289       1    1977
       5        J. McGee                            73      74      71      72     290       2    1972
      15        J. McGee                            71      73      72      75     291       3    1976
       5        J. McGovern                         72      70      71      72     285      -3    1994
      42        J. McGowan                          73      75      77      72     297       9    1965
      35        J. McHale Jr.                       75      76      76      75     302      14    1951
      35        J. McHale Jr.                       78      73      77      75     303      15    1948
      51        J. McHale Jr.                       82      78      75      75     310      22    1950
      66        J. McHale Jr.                       78      82      79      76     315      27    1954
      43        J. McLean                           75      75      78      79     307      19    1972
       2        J. Miller                           75      71      65      66     277     -11    1975
       2        J. Miller                           72      73      68      68     281      -7    1971
       2        J. Miller                           69      72      73      68     282      -6    1981
      15        J. Miller                           72      74      69      70     285      -3    1974
       6        J. Miller                           75      69      71      73     288       0    1973
      12        J. Miller                           72      72      71      74     289       1    1983
      28        J. Miller                           74      70      77      69     290       2    1986
      32        J. Miller                           77      72      72      70     291       3    1978
      35        J. Miller                           78      71      69      74     292       4    1977
      38        J. Miller                           74      72      71      75     292       4    1980
      25        J. Miller                           77      68      76      71     292       4    1985
      23        J. Miller                           71      73      74      75     293       5    1976
      42        J. Miller                           75      75      71      77     298      10    1987
      53        J. Miller                           72      78      81      74     305      17    1967
      38        J. Mitchell                         66      75      75      76     292       4    1980
      40        J. Morris                           83      75      80      75     313      25    1942
       7        J. Mudd                             70      70      71      69     280      -8    1991
       4        J. Mudd                             74      72      71      69     286      -2    1987
       7        J. Mudd                             73      76      72      66     287      -1    1989
      30        J. Mudd                             74      70      73      76     293       5    1990
      20        J. Mudd                             77      74      67      76     294       6    1982
      42        J. Mudd                             72      68      72      86     298      10    1983
      61        J. Munger                           79      78      77      83     317      29    1935
       2        J. Newton                           68      74      69      68     279      -9    1980
      12        J. Newton                           70      72      69      76     287      -1    1979
       1        J. Nicklaus                         67      71      64      69     271     -17    1965
       1        J. Nicklaus                         68      67      73      68     276     -12    1975
       2        J. Nicklaus                         72      70      70      66     278     -10    1977
       1        J. Nicklaus                         74      71      69      65     279      -9    1986
       5        J. Nicklaus                         69      71      74      67     281      -7    1968
       2        J. Nicklaus                         70      71      68      72     281      -7    1971
       4        J. Nicklaus                         69      71      72      69     281      -7    1974
       7        J. Nicklaus                         72      73      69      67     281      -7    1978
       4        J. Nicklaus                         69      71      72      69     281      -7    1979
       2        J. Nicklaus                         71      73      71      67     282      -6    1964
       3        J. Nicklaus                         67      69      73      73     282      -6    1976
       2        J. Nicklaus                         70      65      75      72     282      -6    1981
       6        J. Nicklaus                         73      72      70      68     283      -5    1998
       8        J. Nicklaus                         71      75      69      69     284      -4    1970
       3        J. Nicklaus                         69      77      73      66     285      -3    1973
       6        J. Nicklaus                         72      70      69      74     285      -3    1990
       1        J. Nicklaus                         74      66      74      72     286      -2    1963
       1        J. Nicklaus                         68      71      73      74     286      -2    1972
      18        J. Nicklaus                         73      73      70      70     286      -2    1984
       6        J. Nicklaus                         71      74      72      69     286      -2    1985
       7        J. Nicklaus                         70      75      70      72     287      -1    1961
      42        J. Nicklaus                         69      75      69      74     287      -1    1992
       1        J. Nicklaus                         68      76      72      72     288       0    1966
      35        J. Nicklaus                         68      72      72      76     288       0    1991
       7        J. Nicklaus                         74      72      73      70     289       1    1987
      27        J. Nicklaus                         67      75      76      71     289       1    1993
      35        J. Nicklaus                         67      78      70      75     290       2    1995
      15        J. Nicklaus                         74      75      70      72     291       3    1962
      24        J. Nicklaus                         68      75      72      76     291       3    1969
      33        J. Nicklaus                         74      71      73      73     291       3    1980
      18        J. Nicklaus                         73      74      73      71     291       3    1989
      15        J. Nicklaus                         69      77      71      75     292       4    1982
      21        J. Nicklaus                         75      73      72      72     292       4    1988
      13        J. Nicklaus                         75      71      72      75     293       5    1960
      41        J. Nicklaus                         70      73      76      78     297       9    1996
      39        J. Nicklaus                         77      70      74      78     299      11    1997
      54        J. Nicklaus                         74      70      81      78     303      15    2000
       2        J. Olazabal                         68      71      69      70     278     -10    1991
       1        J. Olazabal                         74      67      69      69     279      -9    1994
       1        J. Olazabal                         70      66      73      71     280      -8    1999
      15        J. Olazabal                         70      68      71      72     281      -7    2001
       4        J. Olazabal                         70      69      71      71     281      -7    2002
       7        J. Olazabal                         70      72      74      68     284      -4    1993
      14        J. Olazabal                         66      74      72      72     284      -4    1995
      12        J. Olazabal                         70      73      71      72     286      -2    1998
      13        J. Olazabal                         72      73      68      74     287      -1    1990
      42        J. Olazabal                         76      69      72      70     287      -1    1992
      12        J. Olazabal                         71      70      74      72     287      -1    1997
       8        J. Olazabal                         77      73      70      68     288       0    1989
       8        J. Olazabal                         73      71      71      73     288       0    2003
      30        J. Olazabal                         71      69      79      75     294       6    2004
      28        J. Ozaki                            72      72      74      75     293       5    2000
      42        J. Ozaki                            74      74      74      78     300      12    1997
      36        J. Paletti                          73      79      75      80     307      19    1934
       4        J. Palmer                           73      71      70      72     286      -2    1949
      17        J. Palmer                           70      73      74      73     290       2    1947
      13        J. Palmer                           74      73      72      71     290       2    1953
      12        J. Palmer                           69      74      75      77     295       7    1952
      18        J. Palmer                           77      73      72      75     297       9    1955
      11        J. Palmer                           76      74      74      73     297       9    1956
      24        J. Palmer                           77      73      73      74     297       9    1957
      28        J. Palmer                           75      73      76      74     298      10    1948
      24        J. Palmer                           72      76      76      75     299      11    1950
      30        J. Palmer                           73      74      77      75     299      11    1951
      32        J. Palmer                           76      75      77      74     302      14    1946
      33        J. Palmer                           75      81      77      69     302      14    1954
      26        J. Palmer                           78      75      75      75     303      15    1942
      20        J. Parnevik                         71      71      72      69     283      -5    2001
      29        J. Parnevik                         70      72      77      72     291       3    2002
      31        J. Parnevik                         75      73      73      72     293       5    1998
      40        J. Parnevik                         77      71      70      77     295       7    2000
      21        J. Parnvik                          73      72      71      73     289       1    1997
       6        J. Pate                             72      68      76      67     283      -5    1980
       5        J. Pate                             71      72      71      70     284      -4    1981
       3        J. Pate                             74      73      67      71     285      -3    1982
      14        J. Pate                             70      72      74      70     286      -2    1977
      18        J. Pate                             72      71      72      72     287      -1    1978
      37        J. Pate                             71      75      78      69     293       5    1975
      41        J. Pate                             72      70      75      80     297       9    1979
      46        J. Perelli                          79      77      79      78     313      25    1934
       7        J. Pittman                          70      73      70      69     282      -6    1968
      13        J. Pott                             74      70      71      73     288       0    1964
      19        J. Pott                             71      75      72      73     291       3    1961
      20        J. Pott                             77      71      75      69     292       4    1962
      28        J. Pott                             72      72      71      78     293       5    1969
      21        J. Pott                             75      76      74      69     294       6    1963
      43        J. Pott                             75      68      75      76     294       6    1968
      42        J. Pott                             74      74      73      76     297       9    1965
      11        J. Renner                           71      73      71      69     284      -4    1984
      14        J. Renner                           72      70      72      71     285      -3    1980
      16        J. Renner                           67      75      78      70     290       2    1983
      31        J. Renner                           73      72      73      75     293       5    1981
      20        J. Renner                           72      75      76      71     294       6    1982
      47        J. Renner                           72      77      70      79     298      10    1985
      13        J. Revolta                          70      74      73      75     292       4    1935
      18        J. Revolta                          75      72      75      74     296       8    1934
      13        J. Revolta                          71      72      72      81     296       8    1937
      13        J. Revolta                          71      71      77      77     296       8    1952
      27        J. Revolta                          74      74      74      75     297       9    1940
      18        J. Revolta                          73      72      76      77     298      10    1938
      25        J. Revolta                          77      72      76      76     301      13    1936
      42        J. Revolta                          75      73      77      76     301      13    1947
      31        J. Revolta                          77      74      76      76     303      15    1939
      39        J. Revolta                          71      77      80      76     304      16    1949
      42        J. Revolta                          74      75      75      81     305      17    1951
      58        J. Revolta                          77      77      75      81     310      22    1953
      60        J. Revolta                          81      79      75      75     310      22    1954
      49        J. Revolta                          75      78      79      78     310      22    1955
      75        J. Revolta                          84      81      79      84     328      40    1956
      41        J. Riddell                          79      81      82      79     321      33    1937
      20        J. Rodriguez                        70      74      71      71     286      -2    1974
      10        J. Rodriguez                        70      76      73      68     287      -1    1970
      21        J. Rodriguez                        71      73      73      73     290       2    1964
      10        J. Rodriguez                        72      70      73      76     291       3    1973
      44        J. Rodriguez                        74      72      71      76     293       5    1980
      30        J. Rodriguez                        73      75      71      75     294       6    1971
      26        J. Rodriguez                        73      73      73      76     295       7    1967
      33        J. Rodriguez                        72      72      75      77     296       8    1962
      38        J. Rodriguez                        78      75      73      75     301      13    1982
      47        J. Rollins                          74      71      80      77     302      14    2003
      22        J. Rose                             67      71      81      71     290       2    2004
      39        J. Rose                             73      76      71      77     297       9    2003
      17        J. Ryan                             73      74      74      74     295       7    1941
      36        J. Ryan                             77      71      76      83     307      19    1942
       8        J. Schlee                           75      73      69      68     285      -3    1977
      26        J. Schlee                           75      71      71      71     288       0    1974
      42        J. Schlee                           68      75      77      75     295       7    1978
      36        J. Schlee                           76      74      73      74     297       9    1971
      57        J. Schlee                           76      73      74      82     305      17    1973
      24        J. Schroeder                        77      71      70      77     295       7    1982
      50        J. Segura                           72      80      79      82     313      25    1951
      54        J. Selby                            81      76      84      80     321      33    1948
      19        J. Simons                           70      70      72      75     287      -1    1980
      15        J. Simons                           70      75      71      72     288       0    1981
      23        J. Simons                           72      70      75      73     290       2    1979
      15        J. Simons                           77      74      69      72     292       4    1982
      41        J. Simons                           71      79      76      80     306      18    1972
      27        J. Sindelar                         72      69      76      72     289       1    1993
      46        J. Sindelar                         72      70      70      78     290       2    1991
      31        J. Sindelar                         73      73      75      72     293       5    1985
      35        J. Sindelar                         74      70      81      72     297       9    1987
      39        J. Sindelar                         79      70      74      77     300      12    1988
       4        J. Sluman                           65      74      70      71     280      -8    1992
      29        J. Sluman                           71      71      72      72     286      -2    1991
       7        J. Sluman                           74      67      72      73     286      -2    1997
      17        J. Sluman                           71      72      71      73     287      -1    1993
       8        J. Sluman                           74      72      74      68     288       0    1989
      18        J. Sluman                           73      69      77      71     290       2    2000
      24        J. Sluman                           73      72      71      74     290       2    2002
      27        J. Sluman                           78      68      75      71     292       4    1990
      25        J. Sluman                           74      75      71      73     293       5    1994
      41        J. Sluman                           73      72      71      77     293       5    1995
      31        J. Sluman                           70      75      70      78     293       5    1999
      44        J. Sluman                           75      72      76      75     298      10    2003
      43        J. Sluman                           73      70      82      77     302      14    2004
      45        J. Sluman                           80      71      78      75     304      16    1988
       2        J. Snead                            70      71      73      70     284      -4    1973
      14        J. Snead                            73      69      69      74     285      -3    1980
      10        J. Snead                            69      72      75      70     286      -2    1975
      26        J. Snead                            73      68      74      73     288       0    1974
      22        J. Snead                            73      71      72      73     289       1    1979
      12        J. Snead                            68      74      74      73     289       1    1983
      39        J. Snead                            72      76      73      72     293       5    1977
      30        J. Snead                            74      77      72      75     298      10    1972
      43        J. Snead                            72      77      76      76     301      13    1976
      43        J. Spray                            75      72      74      78     299      11    1969
      29        J. Sweetser                         75      75      75      77     302      14    1939
      33        J. Sweetser                         82      75      73      75     305      17    1938
      40        J. Sweetser                         75      80      85      79     319      31    1937
      58        J. Sweetser                         80      82      81      78     321      33    1934
      43        J. Thompson                         81      84      79      78     322      34    1939
       6        J. Thomson                          71      73      74      73     291       3    1937
       8        J. Thomson                          74      70      76      72     292       4    1938
      14        J. Thomson                          73      75      72      73     293       5    1941
      12        J. Thomson                          73      70      74      77     294       6    1942
      18        J. Thomson                          75      71      73      77     296       8    1939
      15        J. Thomson                          76      78      71      74     299      11    1936
      25        J. Thomson                          72      70      79      79     300      12    1946
      33        J. Thomson                          77      76      70      78     301      13    1940
      51        J. Thomson                          74      72      80      81     307      19    1935
      18        J. Thorpe                           73      71      72      74     290       2    1985
      45        J. Thorpe                           74      74      73      77     298      10    1986
      42        J. Thorpe                           77      74      76      71     298      10    1987
       4        J. Turnesa                          73      72      71      70     286      -2    1949
       9        J. Turnesa                          73      71      74      70     291       3    1935
      27        J. Turnesa                          73      74      73      76     296       8    1953
      35        J. Turnesa                          72      76      76      75     299      11    1958
      39        J. Turnesa                          76      73      73      79     301      13    1960
      44        J. Turnesa                          80      72      77      73     302      14    1947
      22        J. Turnesa                          74      74      74      80     302      14    1956
      37        J. Turnesa                          73      78      71      81     303      15    1946
      34        J. Turnesa                          75      75      77      79     306      18    1934
      46        J. Turnesa                          81      74      79      74     308      20    1950
      48        J. Turnesa                          77      75      79      78     309      21    1955
      60        J. Turnesa                          83      79      75      73     310      22    1954
      19        J. Van de Velde                     76      70      75      70     291       3    2000
      54        J. Vincent                          80      80      77      82     319      31    1934
      39        J. Vulla                            73      76      78      79     306      18    1941
      17        J. W. Dawson                        75      72      72      75     294       6    1935
       9        J. W. Dawson                        77      70      70      77     294       6    1936
      23        J. W. Dawson                        74      73      76      75     298      10    1934
      57        J. Ward                             78      75      81      84     318      30    1951
      49        J. Weitzel                          78      80      78      74     310      22    1955
      53        J. Westland                         81      74      75      76     306      18    1953
      63        J. Westland                         77      82      77      84     320      32    1935
      29        J. Wright                           75      72      71      75     293       5    1970
      38        J. Zarhardt                         76      76      83      76     311      23    1942
      36        K. Brown                            73      78      69      78     298      10    1988
      39        K. Clearwater                       74      70      75      74     293       5    1993
      26        K. Fergus                           72      71      72      74     289       1    1980
      16        K. Fergus                           70      69      74      77     290       2    1983
      37        K. Fergus                           76      72      75      72     295       7    1981
      33        K. Fergus                           76      74      72      77     299      11    1982
      35        K. Green                            70      74      71      73     288       0    1991
      11        K. Green                            74      69      73      73     289       1    1989
      44        K. Green                            68      78      74      76     296       8    1986
      45        K. Knox                             75      75      75      75     300      12    1987
       4        K. Laffoon                          74      73      70      72     289       1    1946
       5        K. Laffoon                          73      70      74      73     290       2    1937
       6        K. Laffoon                          75      70      75      73     293       5    1936
      18        K. Laffoon                          72      79      72      73     296       8    1934
      33        K. Laffoon                          74      74      73      76     297       9    1947
      28        K. Laffoon                          76      73      72      77     298      10    1935
      22        K. Laffoon                          72      75      73      78     298      10    1939
      27        K. Laffoon                          78      76      74      74     302      14    1938
      35        K. Laffoon                          74      75      76      78     303      15    1948
      21        K. Nagle                            69      77      71      73     290       2    1964
      15        K. Nagle                            75      70      74      71     290       2    1965
      30        K. Nagle                            76      71      72      71     290       2    1968
      31        K. Nagle                            73      75      74      74     296       8    1967
      35        K. Nagle                            75      74      76      75     300      12    1963
      12        K. Perry                            73      70      71      69     283      -5    1995
      39        K. Perry                            76      72      78      71     297       9    2003
       6        K. Still                            72      71      72      69     284      -4    1971
      31        K. Still                            74      73      74      73     294       6    1970
      36        K. Still                            73      75      71      77     296       8    1969
      40        K. Still                            74      77      77      76     304      16    1972
      33        K. Sutherland                       77      72      76      70     295       7    2003
       6        K. Triplett                         68      70      70      71     279      -9    2001
       6        K. Triplett                         71      74      69      72     286      -2    2004
      40        K. Triplett                         74      70      74      77     295       7    2002
       2        K. Venturi                          73      69      71      70     283      -5    1960
       4        K. Venturi                          68      72      74      72     286      -2    1958
      11        K. Venturi                          72      71      72      73     288       0    1961
       9        K. Venturi                          75      70      71      72     288       0    1962
       2        K. Venturi                          66      69      75      80     290       2    1956
      21        K. Venturi                          76      73      71      73     293       5    1967
      13        K. Venturi                          74      76      74      70     294       6    1957
      16        K. Venturi                          75      74      73      74     296       8    1966
      16        K. Venturi                          76      74      73      74     297       9    1954
      50        K. Venturi                          75      74      73      75     297       9    1968
      34        K. Venturi                          77      74      77      71     299      11    1963
      20        K. Zarley                           70      73      74      70     287      -1    1968
      31        K. Zarley                           73      71      77      69     290       2    1974
      17        K. Zarley                           74      71      77      71     293       5    1973
      36        K. Zarley                           73      73      76      74     296       8    1969
       3        K.J. Choi                           71      70      72      69     282      -6    2004
      15        K.J. Choi                           76      69      72      73     290       2    2003
      36        L. Clements                         75      75      73      71     294       6    1985
      16        L. Diegel                           73      72      74      76     295       7    1934
      19        L. Diegel                           72      73      74      77     296       8    1935
      10        L. Dodson                           71      75      71      77     294       6    1937
      33        L. Dodson                           75      77      78      71     301      13    1941
      19        L. Elder                            76      68      72      71     287      -1    1977
      17        L. Elder                            73      70      74      71     288       0    1979
      42        L. Elder                            73      75      74      73     295       7    1978
      13        L. Gibson                           71      77      74      72     294       6    1949
      23        L. Gibson                           73      71      72      78     294       6    1953
      14        L. Gibson                           78      73      72      74     297       9    1950
      32        L. Gibson                           74      74      75      78     301      13    1951
      43        L. Gibson                           72      77      79      77     305      17    1948
      46        L. Gibson                           75      77      78      75     305      17    1954
      43        L. Gibson                           78      80      75      75     308      20    1946
      43        L. Gibson                           81      75      75      77     308      20    1955
       6        L. Graham                           75      71      69      69     284      -4    1977
      12        L. Graham                           68      73      72      76     289       1    1976
      26        L. Graham                           71      74      71      73     289       1    1980
      23        L. Graham                           69      71      76      74     290       2    1979
      17        L. Graham                           77      73      72      71     293       5    1973
      40        L. Graham                           72      72      77      74     295       7    1975
      58        L. Hamman                           75      79      79      79     312      24    1935
      43        L. Harris Jr.                       74      74      77      72     297       9    1964
      32        L. Harris Jr.                       79      71      73      75     298      10    1963
       7        L. Hebert                           72      71      71      68     282      -6    1968
       8        L. Hebert                           69      73      70      73     285      -3    1969
       8        L. Hebert                           77      71      67      73     288       0    1967
       9        L. Hebert                           74      70      73      73     290       2    1960
      20        L. Hebert                           72      73      71      76     292       4    1962
      32        L. Hebert                           74      74      73      72     293       5    1964
      30        L. Hebert                           74      69      74      79     296       8    1961
      32        L. Hebert                           71      77      75      75     298      10    1958
      39        L. Hebert                           77      72      76      75     300      12    1959
      39        L. Hebert                           75      74      77      76     302      14    1963
      61        L. Hebert                           77      77      80      83     317      29    1956
      28        L. Hinkle                           69      70      74      79     292       4    1981
      31        L. Hinson                           72      72      71      79     294       6    1970
      30        L. Hinson                           75      71      76      72     294       6    1971
      45        L. Hinson                           77      74      79      78     308      20    1972
      12        L. Janzen                           69      69      74      71     283      -5    1995
      12        L. Janzen                           68      71      75      73     287      -1    1996
      14        L. Janzen                           70      69      73      76     288       0    1999
      31        L. Janzen                           67      70      72      79     288       0    2001
      26        L. Janzen                           72      73      74      73     292       4    1997
      54        L. Janzen                           74      71      74      74     293       5    1992
      39        L. Janzen                           67      73      76      77     293       5    1993
      33        L. Janzen                           76      74      72      72     294       6    1998
      30        L. Janzen                           75      71      76      73     295       7    1994
      59        L. Kennedy                          81      80      82      82     325      37    1950
      43        L. Liang-Huan                       73      74      78      72     297       9    1975
      43        L. Liang-Huan                       74      72      75      78     299      11    1973
      37        L. Liang-Huan                       75      72      80      74     301      13    1972
       3        L. Little Jr.                       72      72      68      70     282      -6    1939
       6        L. Little Jr.                       74      72      70      72     288       0    1935
      14        L. Little Jr.                       71      71      76      71     289       1    1947
       6        L. Little Jr.                       72      73      72      72     289       1    1951
       8        L. Little Jr.                       71      70      74      75     290       2    1941
       7        L. Little Jr.                       71      74      72      75     292       4    1942
      10        L. Little Jr.                       72      75      74      72     293       5    1938
       9        L. Little Jr.                       70      73      75      75     293       5    1950
      19        L. Little Jr.                       70      77      75      72     294       6    1940
      23        L. Little Jr.                       72      77      73      76     298      10    1949
      19        L. Little Jr.                       70      79      74      76     299      11    1937
      21        L. Little Jr.                       74      74      78      73     299      11    1946
      28        L. Little Jr.                       76      72      77      74     299      11    1957
      20        L. Little Jr.                       75      75      73      77     300      12    1936
      38        L. Little Jr.                       76      77      74      76     303      15    1954
      40        L. Little Jr.                       73      77      76      78     304      16    1948
      65        L. Little Jr.                       81      77      77      84     319      31    1955
      72        L. Little Jr.                       77      81      85      82     325      37    1956
      41        L. Lott                             72      76      71      75     294       6    1978
      46        L. Lott                             76      72      77      71     296       8    1977
      34        L. Mallory                          76      75      81      74     306      18    1938
       3        L. Mangrum                          74      68      71      69     282      -6    1953
       2        L. Mangrum                          64      75      71      74     284      -4    1940
       2        L. Mangrum                          69      74      72      70     285      -3    1949
       3        L. Mangrum                          69      74      70      73     286      -2    1951
       8        L. Mangrum                          76      73      68      70     287      -1    1947
       4        L. Mangrum                          69      73      75      71     288       0    1948
       9        L. Mangrum                          71      72      72      76     291       3    1941
       6        L. Mangrum                          76      74      73      68     291       3    1950
       4        L. Mangrum                          71      75      76      69     291       3    1954
       7        L. Mangrum                          74      73      72      72     291       3    1955
       6        L. Mangrum                          71      74      75      72     292       4    1952
       4        L. Mangrum                          72      74      72      74     292       4    1956
      16        L. Mangrum                          76      75      72      72     295       7    1946
      33        L. Mangrum                          75      74      71      76     296       8    1962
      28        L. Mangrum                          77      71      74      77     299      11    1957
      43        L. Mangrum                          74      74      76      78     302      14    1960
       2        L. Mattiace                         73      74      69      65     281      -7    2003
      16        L. Miller                           74      71      70      71     286      -2    1978
      45        L. Miller                           73      67      75      86     301      13    1979
       6        L. Mize                             73      69      71      68     281      -7    1992
       3        L. Mize                             68      71      72      71     282      -6    1994
      17        L. Mize                             72      71      66      74     283      -5    1991
      11        L. Mize                             71      70      71      72     284      -4    1984
       1        L. Mize                             70      72      72      71     285      -3    1987
      16        L. Mize                             75      74      72      65     286      -2    1986
      14        L. Mize                             70      76      71      71     288       0    1990
      21        L. Mize                             67      74      74      73     288       0    1993
      23        L. Mize                             76      70      72      72     290       2    1999
      23        L. Mize                             75      71      77      68     291       3    1996
      25        L. Mize                             78      67      73      74     292       4    2000
      26        L. Mize                             72      77      69      75     293       5    1989
      30        L. Mize                             79      69      74      72     294       6    1997
      47        L. Mize                             71      75      76      76     298      10    1985
      45        L. Mize                             78      71      76      79     304      16    1988
       5        L. Nelson                           76      69      66      70     281      -7    1984
       6        L. Nelson                           69      72      73      69     283      -5    1980
       7        L. Nelson                           79      71      70      69     289       1    1982
      31        L. Nelson                           70      75      70      77     292       4    1979
      36        L. Nelson                           73      73      71      76     293       5    1986
      36        L. Nelson                           73      75      74      72     294       6    1985
      55        L. Nelson                           74      69      76      75     294       6    1991
      33        L. Nelson                           69      78      75      75     297       9    1988
      48        L. Nelson                           74      73      79      74     300      12    1990
       3        L. Roberts                          73      69      71      69     282      -6    2000
       5        L. Roberts                          75      68      72      70     285      -3    1994
      24        L. Roberts                          72      69      72      73     286      -2    1995
      37        L. Roberts                          71      74      73      72     290       2    2001
      23        L. Roberts                          71      73      72      75     291       3    1996
      33        L. Roberts                          74      72      76      73     295       7    2003
      61        L. Silverio                         77      76      77      84     314      26    1966
       7        L. Thompson                         68      70      73      74     285      -3    1979
      24        L. Thompson                         72      69      75      72     288       0    1978
      41        L. Thompson                         73      72      77      73     295       7    1974
      14        L. Trevino                          70      69      72      74     285      -3    1978
      10        L. Trevino                          71      70      74      71     286      -2    1975
      12        L. Trevino                          73      71      70      73     287      -1    1979
      10        L. Trevino                          70      73      72      72     287      -1    1985
      26        L. Trevino                          74      71      70      74     289       1    1980
      19        L. Trevino                          72      74      75      69     290       2    1969
      18        L. Trevino                          67      74      81      69     291       3    1989
      24        L. Trevino                          78      69      72      72     291       3    1990
      49        L. Trevino                          71      72      77      71     291       3    1991
      40        L. Trevino                          71      72      69      80     292       4    1968
      20        L. Trevino                          71      72      72      77     292       4    1983
      43        L. Trevino                          68      73      74      79     294       6    1984
      28        L. Trevino                          75      75      69      76     295       7    1976
      43        L. Trevino                          74      75      75      75     299      11    1973
      47        L. Trevino                          76      73      73      77     299      11    1986
      33        L. Trevino                          75      76      77      72     300      12    1972
      38        L. Trevino                          75      78      75      73     301      13    1982
       3        L. Wadkins                          67      71      70      71     279      -9    1991
       3        L. Wadkins                          72      73      70      68     283      -5    1990
       3        L. Wadkins                          69      72      71      71     283      -5    1993
       7        L. Wadkins                          73      69      70      73     285      -3    1979
      18        L. Wadkins                          74      70      73      70     287      -1    1978
       8        L. Wadkins                          73      70      73      71     287      -1    1983
      11        L. Wadkins                          74      75      69      70     288       0    1988
      21        L. Wadkins                          72      71      71      76     290       2    1981
      18        L. Wadkins                          72      73      72      73     290       2    1985
      12        L. Wadkins                          73      72      70      75     290       2    1987
      48        L. Wadkins                          65      75      76      74     290       2    1992
      31        L. Wadkins                          78      71      73      69     291       3    1986
      18        L. Wadkins                          73      74      73      72     292       4    1994
      26        L. Wadkins                          76      71      73      73     293       5    1989
      19        L. Wadkins                          72      72      77      74     295       7    1972
      29        L. Wadkins                          75      74      71      76     296       8    1973
      33        L. Wadkins                          75      78      72      74     299      11    1982
       6        L. Westwood                         75      71      68      71     285      -3    1999
      24        L. Westwood                         77      71      73      70     291       3    1997
      44        L. Westwood                         75      72      74      76     297       9    2002
      44        L. Westwood                         74      76      72      78     300      12    1998
       3        L. Worsham                          71      71      72      72     286      -2    1951
       6        L. Worsham                          76      75      70      68     289       1    1949
      22        L. Worsham                          74      71      73      74     292       4    1961
       7        L. Worsham                          71      75      73      74     293       5    1952
      29        L. Worsham                          75      70      78      72     295       7    1962
      12        L. Worsham                          74      74      74      74     296       8    1954
      33        L. Worsham                          70      76      71      80     297       9    1947
      30        L. Worsham                          74      78      71      76     299      11    1948
      44        L. Worsham                          74      70      77      80     301      13    1953
      34        L. Worsham                          74      72      80      79     305      17    1956
      42        L. Worsham                          77      78      76      75     306      18    1950
      44        L. Worsham                          72      76      74      84     306      18    1960
      49        L. Worsham                          80      75      79      76     310      22    1955
       3        L. Ziegler                          67      71      72      72     282      -6    1976
      13        L. Ziegler                          71      73      74      69     287      -1    1975
      39        L. Ziegler                          72      73      73      74     292       4    1974
      30        L. Ziegler                          73      70      77      74     294       6    1971
      12        M. Barber                           75      69      68      71     283      -5    1968
       7        M. Barber                           71      71      68      74     284      -4    1969
      15        M. Barber                           75      67      72      71     285      -3    1974
      12        M. Barber                           75      64      72      76     287      -1    1979
      24        M. Barber                           75      67      73      73     288       0    1978
      21        M. Barber                           76      73      77      65     291       3    1970
      26        M. Barber                           74      72      72      73     291       3    1975
      43        M. Barber                           78      72      80      69     299      11    1973
       9        M. Bembridge                        73      74      72      64     283      -5    1974
      26        M. Bembridge                        75      72      75      69     291       3    1975
      38        M. Bembridge                        77      72      70      77     296       8    1970
      29        M. Bradley                          73      74      72      72     291       3    1998
      35        M. Brooks                           69      72      74      73     288       0    1991
      31        M. Brooks                           70      71      77      70     288       0    2001
      24        M. Brooks                           74      72      71      73     290       2    2002
      38        M. Brooks                           76      72      75      72     295       7    1999
      40        M. Brooks                           72      76      73      74     295       7    2000
       4        M. Calcavecchia                     72      66      68      72     278     -10    2001
       2        M. Calcavecchia                     71      69      72      70     282      -6    1988
      12        M. Calcavecchia                     70      68      77      67     282      -6    1991
      31        M. Calcavecchia                     73      72      75      65     285      -3    1992
      17        M. Calcavecchia                     71      70      74      72     287      -1    1993
      16        M. Calcavecchia                     74      74      69      70     287      -1    1998
      15        M. Calcavecchia                     71      73      71      73     288       0    1996
      17        M. Calcavecchia                     74      73      72      69     288       0    1997
      20        M. Calcavecchia                     74      73      73      69     289       1    1990
      17        M. Calcavecchia                     73      72      78      68     291       3    1987
      41        M. Calcavecchia                     70      72      78      73     293       5    1995
      31        M. Calcavecchia                     74      72      74      74     294       6    1989
      47        M. Donald                           64      82      77      76     299      11    1990
      11        M. Dutra                            74      75      71      73     293       5    1934
      31        M. Dutra                            81      74      73      71     299      11    1935
      27        M. Evans                            76      75      75      76     302      14    1955
      16        M. Fetchick                         74      73      72      76     295       7    1957
      11        M. Furgol                           73      74      73      73     293       5    1957
      37        M. Furgol                           74      74      74      76     298      10    1959
      22        M. Furgol                           76      79      75      69     299      11    1954
      35        M. Furgol                           74      73      75      77     299      11    1958
      35        M. Furgol                           77      76      73      76     302      14    1951
      42        M. Furgol                           73      76      79      80     308      20    1952
      43        M. Furgol                           79      74      79      76     308      20    1955
      22        M. Giles III                        71      72      72      73     288       0    1968
      38        M. Giles III                        78      72      72      74     296       8    1970
      34        M. Giles III                        78      71      72      76     297       9    1973
      48        M. Gonzalez                         73      76      77      76     302      14    1962
      35        M. Gregson                          76      71      74      70     291       3    1968
      29        M. Hatalsky                         71      72      70      73     286      -2    1991
      24        M. Hatalsky                         73      77      75      70     295       7    1982
      44        M. Hatalsky                         73      71      75      76     295       7    1984
      10        M. Hayes                            74      73      73      70     290       2    1982
      33        M. Hayes                            71      72      72      76     291       3    1977
      20        M. Hayes                            71      73      76      72     292       4    1983
      37        M. Hill                             73      75      74      71     293       5    1978
      19        M. Hulbert                          68      74      71      70     283      -5    1992
      45        M. Hulbert                          71      71      77      79     298      10    1990
      48        M. Hulbert                          76      75      71      79     301      13    1987
      10        M. Jimenez                          68      72      71      69     280      -8    2001
       9        M. Jimenez                          70      71      74      70     285      -3    2002
      49        M. Jimenez                          76      71      79      72     298      10    2000
      21        M. Kuchar                           72      76      68      72     288       0    1998
      50        M. Kuchar                           77      71      73      78     299      11    1999
       6        M. Lye                              69      66      73      74     282      -6    1984
      36        M. Lye                              72      73      79      70     294       6    1985
      39        M. Lye                              75      73      73      75     296       8    1990
      38        M. Marusic                          70      72      77      81     300      12    1953
      17        M. McCumber                         67      71      73      72     283      -5    1991
      11        M. McCumber                         76      67      71      71     285      -3    1986
      37        M. McCumber                         72      70      76      68     286      -2    1992
      18        M. McCumber                         73      73      79      65     290       2    1985
      12        M. McCumber                         75      71      69      75     290       2    1987
      35        M. McCumber                         73      69      69      79     290       2    1995
      35        M. McCumber                         73      71      74      73     291       3    1984
      24        M. McCumber                         79      71      72      71     293       5    1988
      36        M. McCumber                         74      74      76      71     295       7    1990
      43        M. McCumber                         72      75      81      72     300      12    1989
      29        M. McLendon                         72      72      72      74     290       2    1978
      45        M. McLendon                         72      70      78      75     295       7    1977
      45        M. McLendon                         72      75      76      80     303      15    1969
      35        M. McNulty                          72      74      75      67     288       0    1991
      16        M. McNulty                          74      71      73      72     290       2    1988
      48        M. Morley                           75      73      73      76     297       9    1977
      44        M. Nicolette                        73      74      78      74     299      11    1983
      30        M. O'Grady                          74      73      76      73     296       8    1988
      50        M. O'Grady                          72      79      79      75     305      17    1987
       1        M. O'Meara                          74      70      68      67     279      -9    1998
       4        M. O'Meara                          74      67      69      70     280      -8    1992
      20        M. O'Meara                          69      74      72      68     283      -5    2001
      27        M. O'Meara                          74      68      72      71     285      -3    1991
      21        M. O'Meara                          75      69      73      71     288       0    1993
      31        M. O'Meara                          68      72      71      77     288       0    1995
       8        M. O'Meara                          76      71      70      71     288       0    2003
      11        M. O'Meara                          74      71      72      72     289       1    1989
      18        M. O'Meara                          72      71      75      72     290       2    1996
      24        M. O'Meara                          73      76      72      70     291       3    1985
      15        M. O'Meara                          75      70      76      70     291       3    1994
      27        M. O'Meara                          73      70      75      74     292       4    2004
      31        M. O'Meara                          70      76      69      78     293       5    1999
      24        M. O'Meara                          75      74      71      74     294       6    1987
      30        M. O'Meara                          75      74      70      75     294       6    1997
      39        M. O'Meara                          74      76      74      76     300      12    1988
      48        M. O'Meara                          74      73      81      73     301      13    1986
      29        M. Ozaki                            70      74      70      73     287      -1    1995
      35        M. Ozaki                            68      77      69      74     288       0    1991
       8        M. Ozaki                            69      74      73      73     289       1    1973
      23        M. Ozaki                            70      71      77      72     290       2    1990
      18        M. Ozaki                            71      75      73      72     291       3    1989
      45        M. Ozaki                            75      71      77      71     294       6    1993
      33        M. Ozaki                            72      75      75      74     296       8    1976
      43        M. Ozaki                            73      73      83      68     297       9    1975
      37        M. Pose                             77      76      74      75     302      14    1940
      29        M. Pose                             77      74      76      72     299      11    1941
       6        M. Reid                             72      71      71      72     286      -2    1989
       4        M. Rudolph                          70      75      66      72     283      -5    1965
      14        M. Rudolph                          73      73      72      66     284      -4    1968
      11        M. Rudolph                          69      73      74      70     286      -2    1969
      18        M. Rudolph                          75      72      69      73     289       1    1964
      10        M. Rudolph                          72      76      72      70     290       2    1967
      14        M. Rudolph                          72      72      77      71     292       4    1973
      15        M. Rudolph                          75      72      72      74     293       5    1963
      28        M. Rudolph                          77      69      72      77     295       7    1961
      25        M. Rurnesa                          72      74      75      76     297       9    1935
      38        M. Sala                             74      75      78      81     308      20    1961
       5        M. Souchak                          70      72      74      71     287      -1    1962
       9        M. Souchak                          73      74      70      70     287      -1    1964
       4        M. Souchak                          71      74      72      72     289       1    1955
      14        M. Souchak                          72      75      73      71     291       3    1958
      11        M. Souchak                          69      70      79      74     292       4    1963
      25        M. Souchak                          73      71      74      76     294       6    1959
      16        M. Souchak                          72      75      72      75     294       6    1960
      28        M. Souchak                          75      72      75      73     295       7    1961
      35        M. Souchak                          74      74      72      75     295       7    1965
      17        M. Souchak                          73      73      74      80     300      12    1956
      33        M. Souchak                          71      74      77      78     300      12    1966
      41        M. Standly                          77      69      79      75     300      12    1994
      35        M. Sullivan                         72      74      74      74     294       6    1981
      46        M. Sullivan                         76      74      73      78     301      13    1989
      28        M. Turnesa                          75      74      77      74     300      12    1934
      51        M. Turnesa                          78      75      80      78     311      23    1949
      21        M. Ward                             74      68      75      78     295       7    1940
      30        M. Ward                             74      74      77      74     299      11    1948
      31        M. Ward                             73      75      76      76     300      12    1957
      28        M. Ward                             76      73      80      75     304      16    1942
      30        M. Ward                             77      73      77      77     304      16    1955
      36        M. Ward                             77      76      79      76     308      20    1938
       1        M. Weir                             70      68      75      68     281      -7    2003
      27        M. Weir                             74      69      72      72     287      -1    2001
      24        M. Weir                             72      71      71      76     290       2    2002
      28        M. Weir                             75      70      70      78     293       5    2000
      37        M. West III                         75      70      77      76     298      10    1973
      35        M. Wiebe                            73      74      71      79     297       9    1987
      59        M. Zerman                           70      71      76      77     294       6    1992
      57        M. Zerman                           71      71      77      80     299      11    1991
       7        M.Smith                             74      70      74      74     292       4    1934
      37        N. Begay III                        74      74      73      73     294       6    2000
       1        N. Faldo                            69      67      73      67     276     -12    1996
       1        N. Faldo                            71      72      66      69     278     -10    1990
      12        N. Faldo                            72      73      67      70     282      -6    1991
      13        N. Faldo                            71      72      68      71     282      -6    1992
       1        N. Faldo                            68      73      77      65     283      -5    1989
      15        N. Faldo                            70      69      70      76     285      -3    1984
      24        N. Faldo                            70      70      71      75     286      -2    1995
      14        N. Faldo                            75      67      73      72     287      -1    2002
      20        N. Faldo                            70      70      76      76     292       4    1983
      25        N. Faldo                            73      73      75      71     292       4    1985
      39        N. Faldo                            71      76      79      67     293       5    1993
      28        N. Faldo                            72      72      74      75     293       5    2000
      33        N. Faldo                            74      73      75      73     295       7    2003
      40        N. Faldo                            73      71      79      73     296       8    1979
      30        N. Faldo                            75      74      75      72     296       8    1988
      32        N. Faldo                            76      73      73      74     296       8    1994
       6        N. Henke                            70      71      70      70     281      -7    1992
      27        N. Henke                            76      69      71      73     289       1    1993
      53        N. Henke                            73      71      72      77     293       5    1991
      33        N. Ozaki                            75      73      74      72     294       6    1990
      45        N. Ozaki                            74      70      78      72     294       6    1993
       6        N. Price                            70      71      67      73     281      -7    1992
       5        N. Price                            79      69      63      71     282      -6    1986
       6        N. Price                            69      72      72      72     285      -3    1999
       6        N. Price                            72      73      71      70     286      -2    2004
      11        N. Price                            74      69      73      72     288       0    2000
      14        N. Price                            75      76      72      66     289       1    1988
      20        N. Price                            70      76      70      73     289       1    2002
      18        N. Price                            71      75      70      74     290       2    1996
      49        N. Price                            72      73      72      74     291       3    1991
      24        N. Price                            71      71      75      74     291       3    1997
      22        N. Price                            73      73      71      76     293       5    1987
      23        N. Price                            70      75      72      76     293       5    2003
      35        N. Price                            74      73      74      77     298      10    1994
      45        N. Suzuki                           74      74      75      77     300      12    1981
      27        N. Von Nida                         77      74      74      76     301      13    1950
      27        N. Von Nida                         77      77      73      76     303      15    1952
      43        N. Von Nida                         69      80      79      80     308      20    1958
      52        O. Browne                           74      74      72      80     300      12    1999
       3        O. Dutra                            70      70      70      74     284      -4    1935
      63        O. Dutra                            80      78      82      78     318      30    1953
      47        O. Greiner                          77      75      78      77     307      19    1949
      18        O. Moody                            73      72      71      74     290       2    1970
      20        O. Moody                            79      69      70      72     290       2    1971
      44        O. Moody                            74      73      78      77     302      14    1974
      15        O. White                            78      73      77      71     299      11    1936
      47        O. White                            76      74      75      80     305      17    1935
      15        P. Azinger                          70      71      71      69     281      -7    2001
       5        P. Azinger                          71      72      69      70     282      -6    1998
      31        P. Azinger                          70      73      70      72     285      -3    1992
      17        P. Azinger                          70      72      73      70     285      -3    1995
      14        P. Azinger                          75      75      69      71     290       2    1989
      18        P. Azinger                          70      74      76      70     290       2    1996
      17        P. Azinger                          77      73      69      72     291       3    1987
      52        P. Azinger                          72      73      67      80     292       4    1991
      28        P. Azinger                          69      73      77      74     293       5    1997
      28        P. Azinger                          72      72      77      72     293       5    2000
      33        P. Blackmar                         71      78      75      70     294       6    1998
      45        P. Blackmar                         76      73      73      76     298      10    1986
      13        P. Butler                           72      72      69      75     288       0    1964
      24        P. Butler                           72      73      77      72     294       6    1967
      13        P. Butler                           72      71      79      73     295       7    1966
       6        P. Casey                            75      69      68      74     286      -2    2004
      21        P. Cooper                           76      75      72      74     297       9    1949
      12        P. Cooper                           72      70      77      79     298      10    1956
      22        P. Cooper                           73      76      75      75     299      11    1954
      24        P. Cooper                           73      73      78      75     299      11    1955
      29        P. Cooper                           74      77      77      74     302      14    1950
      22        P. Fitzsimons                       73      68      79      70     290       2    1975
      45        P. Fitzsimons                       71      79      77      76     303      15    1976
      32        P. Fletcher                         76      75      77      77     305      17    1955
       6        P. Harney                           71      73      68      74     286      -2    1961
       5        P. Harney                           73      72      71      70     286      -2    1964
       6        P. Harney                           73      71      74      69     287      -1    1967
      11        P. Harney                           74      74      71      70     289       1    1965
      15        P. Harney                           74      71      74      72     291       3    1962
      40        P. Harney                           78      70      70      74     292       4    1968
       8        P. Harney                           75      68      76      74     293       5    1966
      25        P. Harney                           75      69      77      73     294       6    1959
      24        P. Harney                           77      71      74      73     295       7    1973
      22        P. Harney                           71      69      75      81     296       8    1972
       5        P. Harrington                       69      70      72      71     282      -6    2002
      27        P. Harrington                       75      69      72      71     287      -1    2001
      13        P. Harrington                       74      74      68      72     288       0    2004
      19        P. Harrington                       76      69      75      71     291       3    2000
      17        P. Jacobsen                         73      70      68      72     283      -5    1991
      11        P. Jacobsen                         71      70      72      74     287      -1    1981
      25        P. Jacobsen                         72      70      75      71     288       0    1984
      31        P. Jacobsen                         72      73      69      74     288       0    1995
      25        P. Jacobsen                         75      73      68      73     289       1    1986
      20        P. Jacobsen                         73      71      76      72     292       4    1983
      30        P. Jacobsen                         67      75      76      75     293       5    1990
      20        P. Jacobsen                         78      75      70      71     294       6    1982
      61        P. Jacobsen                         72      70      77      76     295       7    1992
      34        P. Jacobsen                         74      73      78      71     296       8    1989
      12        P. Johansson                        74      75      67      70     286      -2    1998
      12        P. Johansson                        72      73      73      69     287      -1    1997
      24        P. Johansson                        75      72      71      73     291       3    1999
      15        P. Lawrie                           72      72      73      73     290       2    2003
      37        P. Lawrie                           77      70      73      77     297       9    2004
      53        P. McEvoy                           73      75      77      77     302      14    1978
      18        P. McGinley                         72      74      71      71     288       0    2002
       3        P. Mickelson                        67      69      69      70     275     -13    2001
       1        P. Mickelson                        72      69      69      69     279      -9    2004
       7        P. Mickelson                        66      71      70      73     280      -8    1995
       3        P. Mickelson                        69      72      68      71     280      -8    2002
       3        P. Mickelson                        65      73      72      72     282      -6    1996
       3        P. Mickelson                        73      70      72      68     283      -5    2003
       6        P. Mickelson                        74      69      71      71     285      -3    1999
      12        P. Mickelson                        74      69      69      74     286      -2    1998
       7        P. Mickelson                        71      68      76      71     286      -2    2000
      46        P. Mickelson                        69      73      74      74     290       2    1991
      34        P. Mickelson                        72      71      75      73     291       3    1993
      41        P. Nakamura                         76      73      76      76     301      13    1958
       3        P. Oosterhuis                       73      70      68      74     285      -3    1973
      14        P. Oosterhuis                       74      70      70      71     285      -3    1978
      31        P. Oosterhuis                       79      68      68      75     290       2    1974
      20        P. Oosterhuis                       73      69      78      72     292       4    1983
      23        P. Oosterhuis                       76      74      75      68     293       5    1976
      34        P. Oosterhuis                       73      72      73      75     293       5    1979
      24        P. Oosterhuis                       73      74      75      73     295       7    1982
      46        P. Oosterhuis                       73      75      76      72     296       8    1977
      38        P. Oosterhuis                       74      76      80      73     303      15    1972
      45        P. Perez                            74      73      79      75     301      13    2003
      28        P. Perkins                          77      71      75      75     298      10    1935
      33        P. Perkins                          74      76      76      78     304      16    1934
      35        P. Price                            71      76      73      76     296       8    2004
       7        P. Rodgers                          72      69      68      73     282      -6    1974
      25        P. Rodgers                          75      72      72      72     291       3    1964
      22        P. Rodgers                          77      72      73      72     294       6    1958
      23        P. Rodgers                          71      75      75      73     294       6    1973
      17        P. Rodgers                          76      73      75      73     297       9    1966
      36        P. Rodgers                          72      77      75      73     297       9    1967
       3        P. Runyan                           67      73      72      71     283      -5    1942
       3        P. Runyan                           74      71      70      71     286      -2    1934
       4        P. Runyan                           71      73      74      70     288       0    1938
       7        P. Runyan                           70      72      75      72     289       1    1935
       4        P. Runyan                           76      69      70      75     290       2    1936
      12        P. Runyan                           72      73      72      74     291       3    1940
      16        P. Runyan                           73      71      75      76     295       7    1939
      19        P. Runyan                           74      77      72      76     299      11    1937
      35        P. Runyan                           73      76      73      77     299      11    1958
      35        P. Runyan                           78      78      74      73     303      15    1941
      42        P. Senior                           72      75      73      77     297       9    1990
       5        P. Stankowski                       68      74      69      74     285      -3    1997
      39        P. Stankowski                       70      80      72      74     296       8    1998
       8        P. Stewart                          75      71      69      69     284      -4    1986
       9        P. Stewart                          74      70      72      69     285      -3    1993
      21        P. Stewart                          76      69      68      74     287      -1    1984
      25        P. Stewart                          69      71      76      76     292       4    1985
      24        P. Stewart                          73      75      74      70     292       4    1989
      41        P. Stewart                          71      72      72      78     293       5    1995
      25        P. Stewart                          75      76      71      72     294       6    1988
      32        P. Stewart                          70      76      78      71     295       7    1983
      36        P. Stewart                          71      73      77      74     295       7    1990
      42        P. Stewart                          71      75      74      78     298      10    1987
      52        P. Stewart                          73      75      77      75     300      12    1999
      39        P. Tataurangi                       75      70      74      78     297       9    2003
       5        P. Thomson                          72      73      73      71     289       1    1957
      19        P. Thomson                          73      76      68      74     291       3    1961
      23        P. Thomson                          72      74      73      76     295       7    1958
      16        P. Thomson                          76      72      76      73     297       9    1954
      18        P. Thomson                          74      73      74      76     297       9    1955
      38        P. Thomson                          77      76      74      73     300      12    1953
      51        P. Tiso                             76      75      75      81     307      19    1935
      42        P. Townsend                         75      71      73      79     298      10    1969
      29        R. Allenby                          73      70      76      72     291       3    2002
      47        R. Allenby                          71      74      75      75     295       7    2001
      39        R. Allenby                          76      73      74      74     297       9    2003
      21        R. Barnes                           69      74      75      73     291       3    2003
      34        R. Baxter Jr.                       79      71      73      78     301      13    1957
      46        R. Baxter Jr.                       76      79      79      75     309      21    1956
      58        R. Baxter Jr.                       74      76      80      83     313      25    1955
      15        R. Beem                             74      72      71      73     290       2    2003
      29        R. Bernardini                       76      71      72      75     294       6    1969
      41        R. Billows                          75      84      78      80     317      29    1939
       6        R. Black                            71      74      69      68     282      -6    1984
      41        R. Black                            74      71      75      75     295       7    1985
      11        R. Caldwell                         71      71      69      73     284      -4    1984
      38        R. Caldwell                         73      66      73      80     292       4    1980
      56        R. Caldwell                         73      74      77      77     301      13    1985
      46        R. Cerrudo                          76      73      77      75     301      13    1967
      54        R. Cerrudo                          76      77      72      82     307      19    1966
      14        R. Chapman                          72      71      74      72     289       1    1947
      11        R. Chapman                          75      75      75      70     295       7    1954
      20        R. Chapman                          72      76      72      77     297       9    1951
      37        R. Chapman                          72      77      78      72     299      11    1953
      40        R. Chapman                          74      76      77      77     304      16    1948
      35        R. Chapman                          77      73      75      80     305      17    1950
      41        R. Chapman                          77      77      73      79     306      18    1946
      37        R. Chapman                          78      77      77      77     309      21    1939
      50        R. Chapman                          77      75      81      76     309      21    1949
      53        R. Chapman                          74      79      73      85     311      23    1955
      55        R. Chapman                          72      79      80      82     313      25    1952
      65        R. Chapman                          79      82      82      76     319      31    1956
      19        R. Charles                          75      71      70      70     286      -2    1968
      17        R. Charles                          75      71      71      72     289       1    1970
      15        R. Charles                          74      72      76      71     293       5    1963
      25        R. Charles                          75      72      73      74     294       6    1962
      29        R. Charles                          70      76      72      76     294       6    1969
      40        R. Charles                          71      72      75      78     296       8    1964
      22        R. Charles                          72      76      74      74     296       8    1972
      29        R. Charles                          74      70      74      78     296       8    1973
      45        R. Charles                          72      74      76      77     299      11    1965
      21        R. Cochran                          70      69      73      76     288       0    1993
      33        R. Cochran                          71      74      74      78     297       9    1994
      47        R. Cochran                          81      76      76      80     313      25    1946
      29        R. Crawford                         74      72      75      77     298      10    1960
      15        R. Curl                             72      70      76      70     288       0    1975
      19        R. D. Chapman                       76      73      70      78     297       9    1941
      47        R. Davies                           70      78      78      76     302      14    1965
      29        R. Davis                            77      72      71      75     295       7    1988
      63        R. Davis                            77      68      77      79     301      13    1992
       2        R. De Vicenzo                       69      73      70      66     278     -10    1968
       9        R. De Vicenzo                       76      69      72      69     286      -2    1971
      10        R. De Vicenzo                       73      72      74      71     290       2    1967
      22        R. De Vicenzo                       73      74      71      74     292       4    1961
      12        R. De Vicenzo                       76      76      73      71     296       8    1950
      33        R. De Vicenzo                       77      72      70      77     296       8    1962
      22        R. De Vicenzo                       75      69      76      76     296       8    1972
      20        R. De Vicenzo                       75      74      74      74     297       9    1951
      22        R. De Vicenzo                       74      76      74      74     298      10    1966
      17        R. De Vicenzo                       75      72      78      75     300      12    1956
      51        R. De Vicenzo                       74      74      78      74     300      12    1973
      25        R. Fehr                             72      71      70      75     288       0    1984
      36        R. Fehr                             75      74      69      75     293       5    1986
      47        R. Fehr                             76      69      69      83     297       9    1995
       1        R. Floyd                            65      66      70      70     271     -17    1976
       2        R. Floyd                            69      68      69      71     277     -11    1992
       2        R. Floyd                            70      68      68      72     278     -10    1990
       7        R. Floyd                            71      71      69      71     282      -6    1968
      17        R. Floyd                            71      68      71      73     283      -5    1991
       2        R. Floyd                            70      73      69      72     284      -4    1985
       8        R. Floyd                            71      72      71      71     285      -3    1977
       4        R. Floyd                            67      72      71      75     285      -3    1983
      15        R. Floyd                            70      73      70      72     285      -3    1984
      17        R. Floyd                            71      70      70      74     285      -3    1995
      16        R. Floyd                            76      71      71      68     286      -2    1978
      17        R. Floyd                            75      70      74      67     286      -2    1980
       8        R. Floyd                            75      71      71      69     286      -2    1981
      11        R. Floyd                            68      71      74      73     286      -2    1993
      22        R. Floyd                            69      72      76      70     287      -1    1974
      10        R. Floyd                            70      74      71      72     287      -1    1994
      13        R. Floyd                            69      75      73      71     288       0    1971
      17        R. Floyd                            70      68      73      77     288       0    1979
      11        R. Floyd                            80      69      68      71     288       0    1988
       7        R. Floyd                            74      72      69      74     289       1    1982
      30        R. Floyd                            72      73      79      68     292       4    1975
      25        R. Floyd                            70      74      77      71     292       4    1996
       8        R. Floyd                            72      73      74      74     293       5    1966
      38        R. Floyd                            74      73      72      76     295       7    1999
      36        R. Floyd                            73      71      78      74     296       8    1969
      38        R. Floyd                            76      75      73      74     298      10    1989
      54        R. Floyd                            76      73      75      77     301      13    1973
       2        R. Funseth                          73      66      70      69     278     -10    1978
      14        R. Funseth                          72      67      74      73     286      -2    1977
      31        R. Funseth                          74      73      78      71     296       8    1967
      37        R. Funseth                          73      75      74      76     298      10    1973
      33        R. Funseth                          80      70      76      74     300      12    1966
      44        R. Funseth                          70      73      78      79     300      12    1979
      44        R. Gafford                          77      73      76      80     306      18    1951
      49        R. Gafford                          69      80      81      80     310      22    1952
      11        R. Gardner                          74      71      72      71     288       0    1961
      53        R. Glover                           72      74      81      79     306      18    1966
       2        R. Goosen                           69      67      69      74     279      -9    2002
      13        R. Goosen                           75      73      70      70     288       0    2004
      13        R. Goosen                           73      74      72      70     289       1    2003
      40        R. Goosen                           73      69      79      74     295       7    2000
       1        R. Guldahl                          72      68      70      69     279      -9    1939
       2        R. Guldahl                          69      72      68      76     285      -3    1937
       2        R. Guldahl                          73      70      73      71     287      -1    1938
      14        R. Guldahl                          74      73      71      74     292       4    1940
      14        R. Guldahl                          76      71      75      71     293       5    1941
      21        R. Guldahl                          74      74      76      76     300      12    1942
      35        R. Guldahl                          75      78      75      75     303      15    1948
      48        R. Guldahl                          85      76      78      76     315      27    1946
      53        R. Hill                             75      78      80      78     311      23    1950
      43        R. Horvath                          79      77      76      76     308      20    1955
      41        R. Hutchison                        79      78      75      74     306      18    1946
      15        R. Johnston                         72      71      70      72     285      -3    1974
      20        R. Johnston                         74      73      69      73     289       1    1975
      32        R. Jones Jr.                        75      72      77      78     302      14    1946
      29        R. Jones Jr.                        79      74      73      77     303      15    1937
      33        R. Jones Jr.                        76      77      78      73     304      16    1939
      28        R. Jones Jr.                        72      75      79      78     304      16    1942
      55        R. Jones Jr.                        75      79      78      80     312      24    1947
      50        R. Jones Jr.                        76      81      79      79     315      27    1948
      46        R. Karl                             72      75      79      76     302      14    1975
      42        R. Knowles Jr.                      78      77      79      74     308      20    1952
      50        R. Knowles Jr.                      78      79      75      81     313      25    1951
      64        R. Kuntz                            80      77      82      75     314      26    1954
      41        R. Lewis Jr.                        73      70      75      75     293       5    1984
      40        R. Lewis Jr.                        77      70      73      76     296       8    1981
      54        R. Lewis Jr.                        74      77      79      79     309      21    1987
       4        R. Maltbie                          76      66      70      74     286      -2    1987
       9        R. Maltbie                          72      75      70      71     288       0    1976
      23        R. Maltbie                          71      75      69      73     288       0    1986
      13        R. Mangrum                          68      71      76      77     292       4    1935
       6        R. Mangrum                          76      73      68      76     293       5    1936
      18        R. Mangrum                          78      72      76      72     298      10    1938
      28        R. Mangrum                          76      70      78      74     298      10    1941
      24        R. Mangrum                          71      80      72      77     300      12    1937
       3        R. Massengale                       70      73      67      70     280      -8    1977
      23        R. Massengale                       70      72      78      73     293       5    1976
      42        R. McBee                            75      73      74      76     298      10    1967
      15        R. Mediate                          72      70      66      73     281      -7    2001
      22        R. Mediate                          72      69      71      72     284      -4    1991
      37        R. Mediate                          70      73      70      73     286      -2    1992
      27        R. Mediate                          73      74      69      76     292       4    1999
      36        R. Mediate                          75      68      77      74     294       6    2002
      33        R. Mediate                          73      74      73      75     295       7    2003
      52        R. Mediate                          71      74      75      79     299      11    2000
      45        R. Moore                            73      74      75      79     301      13    2003
      39        R. Munday                           73      76      75      81     305      17    1940
      44        R. Munday                           78      77      76      78     309      21    1946
      54        R. Myles                            77      75      80      80     312      24    1952
      70        R. Palmer                           84      78      80      77     319      31    1954
      14        R. Rafferty                         72      74      69      73     288       0    1990
      44        R. Riegel                           84      78      74      83     319      31    1936
      55        R. Rossi                            75      81      80      72     308      20    1953
      16        R. S. Stonehouse                    74      70      75      76     295       7    1934
      49        R. Siderowf                         77      72      78      71     298      10    1978
      46        R. Siderowf                         76      73      77      81     307      19    1976
      46        R. Siderowf                         78      69      80      82     309      21    1969
      26        R. Sigel                            71      71      73      74     289       1    1980
      35        R. Sigel                            72      75      75      72     294       6    1981
      44        R. Sigel                            76      71      77      72     296       8    1985
      39        R. Sigel                            77      72      73      78     300      12    1988
      46        R. Sikes                            75      73      78      73     299      11    1964
      47        R. Sikes                            70      75      77      78     300      12    1970
      39        R. Sikes                            73      78      74      77     302      14    1966
      46        R. Sikes                            76      76      77      77     306      18    1963
       6        R. Sota                             71      73      70      72     286      -2    1965
      34        R. Sota                             76      72      74      72     294       6    1964
      31        R. Sota                             74      73      73      76     296       8    1967
      33        R. Sota                             79      73      77      71     300      12    1966
      32        R. Streck                           74      76      75      73     298      10    1982
      34        R. Sweeny Jr.                       75      76      72      75     298      10    1953
      39        R. Sweeny Jr.                       76      78      73      78     305      17    1940
      51        R. Sweeny Jr.                       77      76      79      78     310      22    1950
      63        R. Sweeny Jr.                       81      76      79      76     312      24    1954
      55        R. Sweeny Jr.                       74      77      79      83     313      25    1952
      55        R. Sweeny Jr.                       80      79      78      78     315      27    1951
      52        R. Sweeny Jr.                       82      80      79      77     318      30    1949
      44        R. Sweeny Jr.                       83      72      74      87     319      31    1936
      13        R. T. Jones Jr.                     76      74      72      72     294       6    1934
      25        R. T. Jones Jr.                     74      72      73      78     297       9    1935
      16        R. T. Jones Jr.                     76      74      72      75     297       9    1938
      33        R. T. Jones Jr.                     78      78      73      77     306      18    1936
      40        R. T. Jones Jr.                     76      74      78      79     307      19    1941
      47        R. Willits                          76      78      75      75     304      16    1947
      25        R. Wrenn                            69      75      76      74     294       6    1988
      54        R.S. Stonehouse                     78      74      80      77     309      21    1935
      14        S. Alexander                        78      74      72      73     297       9    1950
      29        S. Alexander                        72      78      74      73     297       9    1953
      30        S. Alexander                        74      77      75      74     300      12    1949
      35        S. Alexander                        77      73      77      76     303      15    1948
      27        S. Alexander                        71      73      77      82     303      15    1952
      46        S. Alexander                        80      77      73      75     305      17    1954
      31        S. Appleby                          72      70      70      76     288       0    2001
      21        S. Appleby                          72      76      70      71     289       1    1997
      22        S. Appleby                          73      74      73      70     290       2    2004
       1        S. Ballesteros                      66      69      68      72     275     -13    1980
       1        S. Ballesteros                      68      70      73      69     280      -8    1983
       4        S. Ballesteros                      71      68      72      70     281      -7    1986
       2        S. Ballesteros                      72      71      71      70     284      -4    1985
      22        S. Ballesteros                      75      70      69      70     284      -4    1991
       3        S. Ballesteros                      73      73      68      71     285      -3    1982
       2        S. Ballesteros                      73      71      70      71     285      -3    1987
       5        S. Ballesteros                      71      72      73      69     285      -3    1989
       7        S. Ballesteros                      74      73      68      71     286      -2    1990
      11        S. Ballesteros                      74      70      71      71     286      -2    1993
      18        S. Ballesteros                      74      71      68      74     287      -1    1978
      12        S. Ballesteros                      72      68      73      74     287      -1    1979
      11        S. Ballesteros                      73      72      70      73     288       0    1988
      33        S. Ballesteros                      74      75      70      72     291       3    1977
      18        S. Ballesteros                      70      76      75      71     292       4    1994
      59        S. Ballesteros                      75      68      70      81     294       6    1992
      45        S. Ballesteros                      75      68      78      75     296       8    1995
      43        S. Ballesteros                      73      73      77      76     299      11    1996
      55        S. Bishop                           82      75      81      75     313      25    1952
       3        S. Byrd                             73      70      68      74     285      -3    1941
       4        S. Byrd                             68      68      75      74     285      -3    1942
      14        S. Byrd                             73      74      72      73     292       4    1940
      40        S. Byrd                             75      79      71      79     304      16    1946
      47        S. Byrd                             84      75      75      76     310      22    1948
      23        S. Cink                             74      76      69      70     289       1    1998
      17        S. Cink                             74      73      69      73     289       1    2004
      24        S. Cink                             74      70      72      74     290       2    2002
      27        S. Cink                             74      70      71      77     292       4    1999
      28        S. Cink                             75      72      72      74     293       5    2000
       5        S. Elkington                        73      67      67      72     279      -9    1995
       3        S. Elkington                        71      70      71      71     283      -5    1993
      22        S. Elkington                        72      69      74      69     284      -4    1991
      37        S. Elkington                        69      71      74      72     286      -2    1992
      12        S. Elkington                        76      72      72      67     287      -1    1997
      11        S. Elkington                        72      70      71      74     287      -1    1999
      30        S. Elkington                        75      75      71      71     292       4    1998
      52        S. Elkington                        74      74      78      73     299      11    2000
      17        S. Flesch                           76      67      77      69     289       1    2004
       8        S. Garcia                           68      71      70      75     284      -4    2002
       4        S. Garcia                           72      72      75      66     285      -3    2004
      28        S. Garcia                           69      78      74      73     294       6    2003
      38        S. Garcia                           72      75      75      73     295       7    1999
      40        S. Garcia                           70      72      75      78     295       7    2000
      46        S. Gump                             75      70      78      73     296       8    2000
       7        S. Hoch                             69      67      71      73     280      -8    1995
       2        S. Hoch                             69      74      71      69     283      -5    1989
       5        S. Hoch                             67      73      73      71     284      -4    1996
      16        S. Hoch                             70      71      73      73     287      -1    1998
      14        S. Hoch                             71      68      73      76     288       0    1990
      35        S. Hoch                             72      70      73      73     288       0    1991
      37        S. Hoch                             74      70      72      74     290       2    2001
      34        S. Hoch                             72      73      74      74     293       5    1979
      27        S. Hoch                             74      69      74      76     293       5    1983
      37        S. Hoch                             73      70      75      77     295       7    1981
      44        S. Hoch                             75      73      70      79     297       9    1999
      38        S. Hoch                             79      68      73      78     298      10    1997
      53        S. Hoch                             73      76      74      76     299      11    1985
      15        S. Horne                            74      74      77      71     296       8    1938
      27        S. Jones                            74      70      72      71     287      -1    2001
      20        S. Jones                            77      69      72      71     289       1    1990
      26        S. Jones                            75      70      75      70     290       2    1998
      25        S. Jones                            71      70      76      75     292       4    2000
      31        S. Jones                            74      73      80      67     294       6    1989
      30        S. Jones                            74      74      75      73     296       8    1988
      40        S. Katayama                         75      70      73      74     292       4    2001
      37        S. Katayama                         74      72      76      74     296       8    2003
      56        S. Kendall                          76      72      77      83     308      20    2000
      47        S. Kovack                           78      73      78      75     304      16    1947
      35        S. Kovack                           76      79      78      73     306      18    1942
      17        S. Leaney                           76      71      73      69     289       1    2004
       4        S. Leonard                          72      70      73      71     286      -2    1958
       4        S. Leonard                          69      74      69      75     287      -1    1959
      15        S. Leonard                          72      74      71      72     289       1    1961
       9        S. Leonard                          72      72      72      74     290       2    1960
       8        S. Leonard                          77      73      68      74     292       4    1955
      11        S. Leonard                          75      72      68      78     293       5    1957
      21        S. Leonard                          74      72      73      75     294       6    1963
      24        S. Leonard                          75      75      79      74     303      15    1956
      34        S. Leonard                          75      76      75      79     305      17    1952
      40        S. Lowery                           72      72      78      70     292       4    2001
      40        S. Lowery                           75      71      76      73     295       7    2002
      41        S. Lowery                           71      74      75      77     297       9    1996
       1        S. Lyle                             71      67      72      71     281      -7    1988
      11        S. Lyle                             76      70      68      71     285      -3    1986
      37        S. Lyle                             72      69      70      75     286      -2    1992
      21        S. Lyle                             73      71      71      73     288       0    1993
      17        S. Lyle                             77      74      68      72     291       3    1987
      28        S. Lyle                             73      70      76      73     292       4    1981
      25        S. Lyle                             78      65      76      73     292       4    1985
      48        S. Lyle                             76      70      70      78     294       6    1980
      34        S. Lyle                             73      73      74      75     295       7    1997
      37        S. Lyle                             72      74      75      76     297       9    2004
      48        S. Lyle                             71      77      70      80     298      10    1999
      38        S. Lyle                             75      73      78      73     299      11    1994
      14        S. Maruyama                         75      72      73      67     287      -1    2002
      31        S. Maruyama                         78      70      71      74     293       5    1999
      46        S. Maruyama                         76      71      74      75     296       8    2000
       8        S. Mayfield                         68      74      80      74     296       8    1956
      36        S. Mayfield                         77      73      80      76     306      18    1955
      10        S. McCarron                         70      70      72      74     286      -2    1996
      16        S. McCarron                         73      71      72      71     287      -1    1998
      18        S. McCarron                         69      68      76      76     289       1    1999
      23        S. McCarron                         77      71      72      73     293       5    2003
      30        S. McCarron                         77      71      72      74     294       6    1997
      24        S. Melnyk                           73      70      75      74     292       4    1971
      12        S. Melnyk                           72      72      74      74     292       4    1972
      43        S. Melnyk                           73      76      71      77     297       9    1970
      34        S. Melnyk                           72      74      79      72     297       9    1973
      51        S. Melnyk                           71      78      75      76     300      12    1978
      22        S. Micheel                          72      76      72      70     290       2    2004
      50        S. Oppermann                        74      74      73      84     305      17    1966
      15        S. Parks Jr.                        74      70      74      75     293       5    1935
      19        S. Parks Jr.                        75      76      75      71     297       9    1941
      20        S. Parks Jr.                        76      75      72      77     300      12    1936
      24        S. Parks Jr.                        75      75      76      74     300      12    1938
      50        S. Parks Jr.                        73      76      76      79     304      16    1953
      36        S. Parks Jr.                        76      75      80      77     308      20    1937
      46        S. Parks Jr.                        79      81      79      74     313      25    1934
      61        S. Parks Jr.                        80      80      78      78     316      28    1955
      65        S. Parks Jr.                        80      82      76      81     319      31    1956
      72        S. Parks Jr.                        86      79      79      80     324      36    1954
       3        S. Pate                             72      73      69      65     279      -9    1991
       6        S. Pate                             73      71      70      67     281      -7    1992
       4        S. Pate                             71      75      65      73     284      -4    1999
      26        S. Pate                             76      75      74      68     293       5    1989
      36        S. Pate                             75      76      75      72     298      10    1988
      49        S. Pate                             78      69      77      74     298      10    2000
      54        S. Perry                            77      81      80      81     319      31    1934
      27        S. Quick                            73      76      79      75     303      15    1952
      18        S. Randolph                         70      75      72      73     290       2    1985
      36        S. Randolph                         75      73      72      73     293       5    1986
      31        S. Richardson                       69      75      70      71     285      -3    1992
       2        S. Riegel                           73      68      70      71     282      -6    1951
      13        S. Riegel                           71      74      73      75     293       5    1948
      13        S. Riegel                           73      73      73      75     294       6    1955
      14        S. Riegel                           75      71      78      73     297       9    1952
      29        S. Riegel                           74      72      76      75     297       9    1953
      21        S. Riegel                           69      75      78      76     298      10    1950
      30        S. Riegel                           75      74      74      77     300      12    1949
      31        S. Riegel                           73      74      78      75     300      12    1957
      38        S. Riegel                           75      76      76      76     303      15    1954
      50        S. Riegel                           75      80      75      75     305      17    1947
      40        S. Riegel                           72      79      76      80     307      19    1956
      13        S. Simpson                          70      71      71      70     282      -6    1992
      22        S. Simpson                          69      73      69      73     284      -4    1991
       7        S. Simpson                          74      71      68      73     286      -2    1990
      11        S. Simpson                          72      71      71      72     286      -2    1993
      11        S. Simpson                          70      73      72      73     288       0    1983
      25        S. Simpson                          76      72      67      74     289       1    1986
      40        S. Simpson                          72      70      76      74     292       4    1984
      27        S. Simpson                          74      74      73      73     294       6    1994
      29        S. Simpson                          69      76      76      73     294       6    1996
      41        S. Simpson                          71      73      77      74     295       7    1985
      27        S. Simpson                          72      75      72      76     295       7    1987
      38        S. Simpson                          72      77      72      77     298      10    1989
       2        S. Snead                            70      70      72      68     280      -8    1939
       1        S. Snead                            73      75      67      67     282      -6    1949
       1        S. Snead                            70      67      77      72     286      -2    1952
       2        S. Snead                            72      68      74      72     286      -2    1957
      20        S. Snead                            72      72      71      71     286      -2    1974
       3        S. Snead                            71      74      70      72     287      -1    1950
       3        S. Snead                            72      71      74      70     287      -1    1955
       7        S. Snead                            71      72      69      76     288       0    1940
       3        S. Snead                            70      73      74      71     288       0    1963
       6        S. Snead                            73      75      72      69     289       1    1941
       1        S. Snead                            74      73      70      72     289       1    1954
      15        S. Snead                            74      73      69      73     289       1    1961
       7        S. Snead                            74      75      70      71     290       2    1946
      13        S. Snead                            72      71      68      79     290       2    1958
      10        S. Snead                            72      76      71      71     290       2    1967
       8        S. Snead                            69      74      68      80     291       3    1951
      15        S. Snead                            72      75      70      74     291       3    1962
       7        S. Snead                            78      69      72      73     292       4    1942
      16        S. Snead                            71      75      71      75     292       4    1953
       4        S. Snead                            73      76      72      71     292       4    1956
      11        S. Snead                            73      74      72      73     292       4    1960
      23        S. Snead                            76      73      71      72     292       4    1970
      22        S. Snead                            72      71      75      75     293       5    1947
      22        S. Snead                            74      73      72      74     293       5    1959
      42        S. Snead                            73      74      75      71     293       5    1968
      16        S. Snead                            74      75      72      73     294       6    1948
      29        S. Snead                            74      76      73      73     296       8    1973
      27        S. Snead                            69      75      76      77     297       9    1972
      18        S. Snead                            76      72      71      79     298      10    1937
      42        S. Snead                            77      72      76      78     303      15    1966
      31        S. Snead                            78      78      75      73     304      16    1938
      10        S. Stricker                         66      71      72      71     280      -8    2001
      19        S. Stricker                         70      73      75      73     291       3    2000
      38        S. Stricker                         75      72      69      79     295       7    1999
      31        S. Torrance                         73      73      75      72     293       5    1985
      33        S. Torrance                         76      73      74      74     297       9    1994
      39        S. Torrance                         75      73      73      78     299      11    1997
      25        S. Urzetta                          73      72      78      75     298      10    1951
      12        S. Urzetta                          73      75      76      74     298      10    1956
      35        S. Urzetta                          74      73      78      77     302      14    1957
      46        S. Urzetta                          78      73      76      82     309      21    1952
       8        S. Verplank                         76      73      70      69     288       0    2003
      29        S. Verplank                         74      71      76      72     293       5    2004
      43        S. Verplank                         70      75      76      75     296       8    2002
       7        T. Aaron                            69      72      72      69     282      -6    1968
       5        T. Aaron                            68      74      69      72     283      -5    1970
       1        T. Aaron                            68      73      74      68     283      -5    1973
       8        T. Aaron                            71      71      73      70     285      -3    1969
       8        T. Aaron                            75      68      74      71     288       0    1967
      11        T. Aaron                            67      74      71      77     289       1    1965
      22        T. Aaron                            76      72      74      69     291       3    1971
      28        T. Aaron                            72      73      76      70     291       3    1979
      49        T. Aaron                            70      74      73      74     291       3    1991
      35        T. Aaron                            73      72      73      74     292       4    1977
      36        T. Aaron                            73      74      71      74     292       4    1978
      54        T. Aaron                            76      69      77      71     293       5    1992
      38        T. Aaron                            71      75      76      72     294       6    1975
      13        T. Aaron                            74      73      77      71     295       7    1966
      25        T. Aaron                            74      75      75      73     297       9    1960
      38        T. Aaron                            76      74      72      76     298      10    1989
      42        T. Aaron                            73      76      77      74     300      12    1976
      36        T. Aaron                            78      72      77      73     300      12    1982
      48        T. Aaron                            77      71      76      79     303      15    1981
      50        T. Aaron                            72      76      76      81     305      17    1987
      57        T. Aaron                            72      74      86      81     313      25    2000
      40        T. Adams                            78      77      83      76     314      26    1939
       8        T. Armour                           73      75      73      72     293       5    1937
      12        T. Armour                           71      74      76      72     293       5    1939
      20        T. Armour                           79      74      72      75     300      12    1936
      37        T. Armour                           73      76      75      78     302      14    1935
      38        T. Armour                           71      74      78      80     303      15    1940
      28        T. Armour                           74      79      76      75     304      16    1942
      38        T. Armour                           75      75      76      79     305      17    1941
      35        T. Barnes                           78      75      78      74     305      17    1950
      18        T. Bjorn                            74      67      70      77     288       0    2002
      28        T. Bjorn                            71      77      73      72     293       5    2000
       5        T. Bolt                             71      75      68      71     285      -3    1953
       4        T. Bolt                             72      71      74      68     285      -3    1961
       8        T. Bolt                             69      78      69      71     287      -1    1965
       3        T. Bolt                             71      71      75      74     291       3    1952
      30        T. Bolt                             72      75      72      76     295       7    1959
      20        T. Bolt                             73      74      75      73     295       7    1960
      26        T. Bolt                             72      77      72      74     295       7    1967
      12        T. Bolt                             73      74      72      77     296       8    1954
       8        T. Bolt                             68      74      78      76     296       8    1956
      17        T. Bolt                             75      72      78      72     297       9    1966
      22        T. Bolt                             76      70      77      75     298      10    1955
      32        T. Bolt                             74      75      74      75     298      10    1958
      37        T. Bolt                             75      76      76      74     301      13    1963
      23        T. Chen                             69      73      75      71     288       0    1986
      12        T. Chen                             74      69      71      76     290       2    1987
      19        T. Chen                             76      73      72      70     291       3    1988
      52        T. Chen                             71      75      76      84     306      18    1989
      13        T. Clark                            72      75      71      71     289       1    2003
      25        T. Creavy                           74      73      80      72     299      11    1934
      32        T. Diehl                            74      72      74      71     291       3    1978
      24        T. Dill                             72      73      75      72     292       4    1965
      17        T. Dill                             75      72      74      76     297       9    1966
      36        T. Dill                             73      76      72      76     297       9    1967
      40        T. Hamilton                         77      71      76      75     299      11    2004
      44        T. Herron                           75      69      74      79     297       9    1999
      19        T. Holguin                          81      70      71      74     296       8    1949
      39        T. Holguin                          78      72      75      78     303      15    1951
      44        T. Holguin                          78      75      77      77     307      19    1950
      56        T. Immelman                         72      76      78      79     305      17    1999
      26        T. Ishii                            74      74      70      75     293       5    1965
      40        T. Ishii                            77      71      75      73     296       8    1964
       4        T. Izawa                            71      66      74      67     278     -10    2001
      22        T. Jacklin                          69      73      74      72     288       0    1968
      12        T. Jacklin                          73      74      70      71     288       0    1970
      16        T. Jacklin                          71      70      74      77     292       4    1967
      36        T. Jacklin                          73      76      76      72     297       9    1971
      27        T. Jacklin                          72      76      75      74     297       9    1972
       2        T. Jacobs                           75      71      70      72     288       0    1966
      15        T. Jacobs                           71      74      72      73     290       2    1965
      28        T. Jacobs                           78      74      73      72     297       9    1963
      60        T. Jacobs                           79      81      77      79     316      28    1952
      36        T. Kerrigan                         75      77      77      79     308      20    1937
      42        T. Kerrigan                         76      78      80      79     310      22    1934
       3        T. Kite                             70      73      70      67     280      -8    1977
       2        T. Kite                             70      74      68      68     280      -8    1986
       6        T. Kite                             70      68      69      75     282      -6    1984
       2        T. Kite                             77      69      66      70     282      -6    1997
       5        T. Kite                             71      72      68      72     283      -5    1979
       6        T. Kite                             69      71      74      69     283      -5    1980
       4        T. Kite                             69      72      71      71     283      -5    1994
       5        T. Kite                             74      72      70      68     284      -4    1981
       2        T. Kite                             70      72      73      69     284      -4    1983
       5        T. Kite                             73      67      72      73     285      -3    1976
      10        T. Kite                             72      74      71      69     286      -2    1975
      18        T. Kite                             71      74      71      71     287      -1    1978
       5        T. Kite                             76      69      73      69     287      -1    1982
      14        T. Kite                             75      73      66      74     288       0    1990
      18        T. Kite                             72      72      72      75     291       3    1989
      24        T. Kite                             73      74      74      73     294       6    1987
      56        T. Kite                             71      75      78      71     295       7    1991
      38        T. Kite                             73      74      74      74     295       7    1998
      27        T. Kite                             74      74      76      73     297       9    1972
      42        T. Kite                             76      74      70      80     300      12    1971
      44        T. Kite                             73      76      77      76     302      14    1988
      13        T. Kono                             71      75      68      74     288       0    1969
      12        T. Kono                             75      68      71      74     288       0    1970
      19        T. Kono                             76      72      73      74     295       7    1972
      51        T. Kono                             74      74      78      74     300      12    1973
       7        T. Kroll                            71      70      73      72     286      -2    1953
      14        T. Kroll                            76      71      73      71     291       3    1959
      13        T. Kroll                            72      76      71      74     293       5    1960
      24        T. Kroll                            73      70      72      78     293       5    1961
      25        T. Kroll                            72      74      72      76     294       6    1962
      23        T. Kroll                            73      75      75      72     295       7    1958
      14        T. Kroll                            74      74      76      73     297       9    1952
      25        T. Kroll                            76      75      71      76     298      10    1951
      51        T. Kroll                            78      76      75      77     306      18    1954
      51        T. Kroll                            75      75      79      82     311      23    1956
       2        T. Lehman                           70      70      69      72     281      -7    1994
      18        T. Lehman                           75      68      71      68     282      -6    2001
       3        T. Lehman                           67      75      73      68     283      -5    1993
       6        T. Lehman                           69      72      75      69     285      -3    2000
      12        T. Lehman                           73      76      69      69     287      -1    1997
      18        T. Lehman                           75      70      72      73     290       2    1996
      40        T. Lehman                           71      72      74      75     292       4    1995
      31        T. Lehman                           73      72      73      75     293       5    1999
       2        T. Lema                             74      69      74      70     287      -1    1963
       9        T. Lema                             75      68      74      70     287      -1    1964
      21        T. Lema                             67      73      77      74     291       3    1965
      22        T. Lema                             74      74      74      76     298      10    1966
      59        T. Lenczyk                          77      80      77      81     315      27    1955
      36        T. Luther                           74      75      77      72     308      20    1936
      13        T. Manero                           71      72      78      75     296       8    1937
      29        T. Manero                           75      75      73      75     298      10    1940
      26        T. Manero                           76      73      77      74     300      12    1939
      27        T. Manero                           72      78      82      70     302      14    1938
      45        T. Manero                           72      76      77      79     304      16    1935
      44        T. Manero                           73      80      78      82     313      25    1941
      44        T. McKnight                         73      74      73      77     297       9    1999
      37        T. Murakami                         74      71      80      73     298      10    1976
      10        T. Nakajima                         74      71      67      69     281      -7    1991
       8        T. Nakajima                         70      71      71      72     284      -4    1986
      16        T. Nakajima                         72      70      72      76     290       2    1983
      33        T. Nakajima                         75      70      70      75     290       2    1984
      33        T. Nakajima                         74      72      77      74     297       9    1988
      47        T. Nakajima                         77      70      78      73     298      10    1985
      26        T. Nieporte                         71      73      75      74     293       5    1965
       8        T. Penna                            71      70      75      71     287      -1    1947
      10        T. Penna                            73      73      72      72     290       2    1940
      10        T. Penna                            72      75      72      72     291       3    1939
      19        T. Penna                            73      74      80      70     297       9    1941
      23        T. Penna                            74      76      76      72     298      10    1949
      21        T. Penna                            71      75      77      75     298      10    1950
      21        T. Penna                            71      73      80      75     299      11    1946
      22        T. Penna                            74      79      73      75     301      13    1942
      31        T. Penna                            71      76      77      80     304      16    1938
      46        T. Penna                            77      78      75      77     307      19    1948
      24        T. Pernice Jr.                      74      72      71      73     290       2    2002
      41        T. Petrovic                         72      75      75      78     300      12    2004
      25        T. Purtzer                          69      74      76      69     288       0    1984
      32        T. Purtzer                          72      71      74      73     290       2    1980
      24        T. Purtzer                          71      76      73      72     292       4    1989
      37        T. Purtzer                          78      69      74      72     293       5    1978
      61        T. Purtzer                          76      69      75      75     295       7    1992
      45        T. Purtzer                          71      77      76      74     298      10    1990
      25        T. Scherrer                         71      71      70      73     285      -3    2001
       6        T. Schulz                           68      69      72      72     281      -7    1992
      39        T. Schulz                           69      76      76      72     293       5    1993
      36        T. Shaw                             77      70      74      76     297       9    1971
      36        T. Sills                            76      73      73      71     293       5    1986
      18        T. Simpson                          73      72      75      70     290       2    1985
      21        T. Tailer                           78      75      73      71     297       9    1939
      18        T. Tailer                           74      69      75      80     298      10    1938
      39        T. Tailer                           79      74      74      78     305      17    1940
      29        T. Toda                             81      74      75      75     305      17    1936
       3        T. Tolles                           72      72      72      67     283      -5    1997
      38        T. Turner                           76      79      80      75     310      22    1936
       1        T. Watson                           70      69      70      67     276     -12    1977
       2        T. Watson                           73      68      68      69     278     -10    1978
       2        T. Watson                           74      67      69      69     279      -9    1984
       3        T. Watson                           68      68      70      73     279      -9    1991
       2        T. Watson                           68      71      70      71     280      -8    1979
       1        T. Watson                           71      68      70      71     280      -8    1981
       6        T. Watson                           70      74      68      71     283      -5    1986
      12        T. Watson                           73      69      71      71     284      -4    1980
      14        T. Watson                           73      70      69      72     284      -4    1995
       4        T. Watson                           75      68      69      72     284      -4    1997
       8        T. Watson                           70      70      72      73     285      -3    1975
       4        T. Watson                           70      71      71      73     285      -3    1983
       7        T. Watson                           77      71      67      71     286      -2    1990
       5        T. Watson                           77      69      70      71     287      -1    1982
      10        T. Watson                           69      71      75      72     287      -1    1985
       9        T. Watson                           72      71      73      71     287      -1    1988
      13        T. Watson                           70      71      73      74     288       0    1994
       7        T. Watson                           71      72      74      72     289       1    1987
      14        T. Watson                           72      73      74      71     290       2    1989
      48        T. Watson                           73      70      76      71     290       2    1992
      45        T. Watson                           71      75      73      75     294       6    1993
      40        T. Watson                           71      76      76      72     295       7    2002
      33        T. Watson                           77      73      76      70     296       8    1976
       2        T. Weiskopf                         69      72      66      70     277     -11    1975
       2        T. Weiskopf                         71      69      70      70     280      -8    1974
       2        T. Weiskopf                         71      71      69      71     282      -6    1969
       6        T. Weiskopf                         71      69      72      72     284      -4    1971
      11        T. Weiskopf                         72      71      70      71     284      -4    1978
      16        T. Weiskopf                         74      71      69      71     285      -3    1968
      14        T. Weiskopf                         73      71      71      71     286      -2    1977
       9        T. Weiskopf                         73      71      70      74     288       0    1976
       2        T. Weiskopf                         74      71      70      74     289       1    1972
      10        T. Weiskopf                         75      72      68      75     290       2    1982
      35        T. Weiskopf                         74      71      74      72     291       3    1984
      23        T. Weiskopf                         73      73      72      74     292       4    1970
      20        T. Weiskopf                         75      72      71      74     292       4    1983
      34        T. Weiskopf                         77      71      75      74     297       9    1973
      41        T. Weiskopf                         73      72      71      81     297       9    1979
      21        T. Wilcox                           79      70      70      72     291       3    1970
       1        T. Woods                            70      66      65      69     270     -18    1997
       1        T. Woods                            70      66      68      68     272     -16    2001
       1        T. Woods                            70      69      66      71     276     -12    2002
       5        T. Woods                            75      72      68      69     284      -4    2000
       8        T. Woods                            71      72      72      70     285      -3    1998
      18        T. Woods                            72      72      70      75     289       1    1999
      15        T. Woods                            76      73      66      75     290       2    2003
      22        T. Woods                            75      69      75      71     290       2    2004
       6        V. Ghezzi                           77      71      71      70     289       1    1941
       8        V. Ghezzi                           73      71      73      73     290       2    1935
      21        V. Ghezzi                           73      77      71      71     292       4    1947
       8        V. Ghezzi                           72      72      72      77     293       5    1937
      10        V. Ghezzi                           75      74      70      74     293       5    1938
      12        V. Ghezzi                           73      76      72      72     293       5    1939
      12        V. Ghezzi                           71      79      67      76     293       5    1946
      18        V. Ghezzi                           75      73      73      74     295       7    1948
      14        V. Ghezzi                           78      75      70      74     297       9    1950
      25        V. Ghezzi                           77      74      74      74     299      11    1934
      15        V. Ghezzi                           77      70      77      71     299      11    1936
      29        V. Ghezzi                           73      79      73      75     300      12    1954
      35        V. Ghezzi                           76      78      71      77     302      14    1949
      30        V. Ghezzi                           77      77      76      74     304      16    1952
      29        V. Ghezzi                           74      77      77      76     304      16    1956
      39        V. Ghezzi                           77      75      74      79     305      17    1940
      53        V. Ghezzi                           78      79      77      77     311      23    1955
      30        V. Regalado                         76      72      72      72     292       4    1975
      31        V. Regalado                         71      74      75      72     292       4    1979
       1        V. Singh                            72      67      70      69     278     -10    2000
      18        V. Singh                            69      71      73      69     282      -6    2001
       7        V. Singh                            70      65      72      76     283      -5    2002
       6        V. Singh                            75      73      69      69     286      -2    2004
       6        V. Singh                            73      71      70      73     287      -1    2003
      17        V. Singh                            75      74      69      70     288       0    1997
      24        V. Singh                            72      76      71      72     291       3    1999
      27        V. Singh                            70      75      74      75     294       6    1994
      39        V. Singh                            69      71      74      82     296       8    1996
       5        W. Armstrong                        72      70      70      68     280      -8    1978
      47        W. Blackburn                        78      71      72      77     298      10    1985
      74        W. Booe                             82      80      87      77     326      38    1956
      11        W. Burkemo                          74      69      73      72     288       0    1961
       6        W. Burkemo                          72      69      75      73     289       1    1960
      22        W. Burkemo                          75      70      71      77     293       5    1959
      15        W. Burkemo                          73      73      72      77     295       7    1955
      22        W. Burkemo                          74      77      75      73     299      11    1954
      17        W. Burkemo                          72      74      78      76     300      12    1956
      43        W. Burkemo                          75      77      78      74     304      16    1963
      42        W. Burkemo                          80      74      76      78     308      20    1952
      48        W. Campbell                         74      71      75      76     296       8    1968
      36        W. Campbell                         76      77      76      72     301      13    1966
      45        W. Campbell                         75      78      74      75     302      14    1953
      51        W. Campbell                         73      77      75      81     306      18    1954
      36        W. Campbell                         77      73      80      76     306      18    1955
      46        W. Campbell                         80      78      74      76     308      20    1950
      43        W. Campbell                         77      78      77      76     308      20    1956
      59        W. Campbell                         79      82      74      86     321      33    1951
      12        W. Cox                              70      72      77      76     295       7    1937
      13        W. Cox                              82      69      75      72     298      10    1936
      43        W. Cox                              73      76      77      77     303      15    1935
      48        W. D. Fondren                       79      79      74      83     315      27    1934
      57        W. Dow                              81      79      80      80     320      32    1934
      15        W. Ellis Jr.                        69      76      72      73     290       2    1965
      16        W. Ellis Jr.                        79      71      74      68     292       4    1967
      34        W. Ellis Jr.                        73      71      75      75     294       6    1964
      24        W. Ellis Jr.                        74      72      79      70     295       7    1963
      36        W. Ellis Jr.                        76      75      73      77     301      13    1966
      54        W. Emery                            77      76      82      84     319      31    1934
       4        W. Goggin                           71      72      73      71     287      -1    1940
       9        W. Goggin                           71      72      72      76     291       3    1941
      14        W. Goggin                           74      70      78      74     296       8    1942
      37        W. Goggin                           68      74      78      82     302      14    1935
      28        W. Goodloe Jr.                      74      73      81      75     303      15    1955
      42        W. Goodloe Jr.                      74      71      72      88     305      17    1951
      52        W. Goodloe Jr.                      77      71      77      86     311      23    1952
      13        W. Grady                            68      75      71      68     282      -6    1992
      35        W. Grady                            69      73      74      74     290       2    1995
      27        W. Grady                            72      75      73      72     292       4    1990
      41        W. Grady                            74      73      73      80     300      12    1994
      15        W. Hagen                            73      69      72      79     293       5    1935
      11        W. Hagen                            77      74      73      72     296       8    1936
      33        W. Hagen                            76      76      76      76     304      16    1939
      39        W. Holt                             80      75      76      74     305      17    1940
      18        W. Hyndman III                      73      72      76      71     292       4    1959
      26        W. Hyndman III                      71      76      70      79     296       8    1958
      42        W. Hyndman III                      73      73      75      76     297       9    1965
      35        W. Hyndman III                      74      72      80      74     300      12    1963
      53        W. Hyndman III                      79      77      77      80     313      25    1956
      29        W. Inman Jr.                        73      75      74      82     304      16    1956
      18        W. J. Schwartz                      75      72      71      78     296       8    1934
      56        W. Kozak                            78      77      77      78     310      22    1935
      11        W. Levi                             71      72      69      72     284      -4    1984
      32        W. Levi                             69      73      70      75     287      -1    1991
      12        W. Levi                             72      70      74      73     289       1    1983
      18        W. Levi                             75      72      70      73     290       2    1985
      25        W. Levi                             72      71      73      75     291       3    1981
      35        W. Levi                             73      76      67      76     292       4    1986
      24        W. Levi                             77      76      72      70     295       7    1982
       6        W. MacFarlane                       74      73      70      74     291       3    1934
      31        W. MacFarlane                       73      77      75      74     299      11    1935
      19        W. MacFarlane                       73      76      73      77     299      11    1937
      38        W. MacFarlane                       76      80      75      78     309      21    1938
      44        W. McCullough Jr.                   79      74      84      76     313      25    1941
      45        W. P. Turnesa                       75      78      80      79     312      24    1934
       8        W. Patton                           72      69      73      74     288       0    1958
       3        W. Patton                           70      74      75      71     290       2    1954
       8        W. Patton                           75      70      71      74     290       2    1959
      13        W. Patton                           75      72      74      72     293       5    1960
      37        W. Patton                           70      74      77      74     295       7    1964
      12        W. Patton                           70      76      79      73     298      10    1956
      48        W. Patton                           80      72      74      81     307      19    1963
      49        W. Patton                           79      76      77      78     310      22    1955
      49        W. Sander                           80      69      78      72     299      11    1977
      26        W. Turnesa                          78      70      79      73     300      12    1939
      47        W. Turnesa                          76      74      81      78     309      21    1940
      33        W. Wehrle                           74      71      76      80     301      13    1940
      12        W. Wood                             72      76      71      68     287      -1    1997
      21        W. Wood                             74      74      70      70     288       0    1998
      41        W. Wood                             78      75      73      76     302      14    1982
      25        W.Cox                               74      78      74      75     301      13    1938
      13        W.Hagen                             71      76      70      77     294       6    1934
      56        W.J. Schwartz                       76      74      81      79     310      22    1935
      15        Y. Hagawa                           75      74      71      72     292       4    1982
      36        Y. Hagawa                           72      75      75      74     296       8    1983
      29        Y. Hsieh                            75      75      69      74     293       5    1970
      30        Y. Hsieh                            75      69      77      73     294       6    1971
